create database my_tcnapp;
use my_tcnapp;

CREATE TABLE `agenzia` (
  `P_IVA` varchar(11) NOT NULL,
  `RAGIONE_SOCIALE` varchar(80) DEFAULT NULL,
  `TELEFONO` varchar(10) DEFAULT NULL,
  `INDIRIZZO` varchar(60) DEFAULT NULL,
  `EMAIL` varchar(30) DEFAULT NULL
) ENGINE=InnoDB DEFAULT CHARSET=latin1;


INSERT INTO `agenzia` (`P_IVA`, `RAGIONE_SOCIALE`, `TELEFONO`, `INDIRIZZO`, `EMAIL`) VALUES
('02847080641', 'Immobiliare Valore Casa S.r.l.', '3496165075', 'VIA APPIA STRADA STATALE VII FAENZERA PASTENACA AV', 'info@immobiliarevalorecasa.it'),
('03297040366', 'ETICASA MEDIZIONE S.A.S.', '3497752755', 'VIA SILVIO BARATTA N.89 SALERNO', ' info@eticasamedizione.it '),
('03519560654', 'CASAREALE S.R.L', '3476550927', 'CORSO DIAZ N.155 MERCATO SAN SEVERINO (SA) ', 'info@casareale.it'),
('04007830658', 'AFFILIATO STUDIO FISCIANO SAS', '089951067', 'VIA NASTRI N.50 FISCIANO (SA)', ' saha6@tecnocasa.it '),
('04107090658', 'Arechi Immobiliare srl', '3397778813', 'VIA TORRIONE N.29 SALERNO (SA)', 'info@arechimmobiliare.it'),
('04748380658', 'Puntokasa srl', '089821628', 'VIA RIMEMBRANZA N.44  SALERNO', 'info@puntokasa.it'),
('04879250654', 'S.I.RE IMMOBILIARE DI D\'AMBROSI ALFONSO', '081927843', 'VIA GIACOMO CANALE N.30 NOCERA INFERIORE (SA)', 'sireimmobiliare@hotmail.it'),
('05059130657', ' Gabetti Franchising Agency S.r.l', '097572333', 'VIA MOLINELLA N. 1 MERCATO SAN SEVERINO', 'vallodidiano@gabetti.it'),
('11596520152', 'RE MAX Italia - Proximm S.p.A. ', '081303019', 'VIA GIACOMO CANALE N.17 NOCERA INFERIORE (SA)', 'info@REMAX.it'),
('11974070150', 'TEMPOCASA ATRIPALDA', '3939543989', 'VIA ROMA N.177 ATRIPALDA', 'Tempocasa@tempocasa.com');

CREATE TABLE `rilievo` (
  `LONGITUDINE` varchar(35) NOT NULL,
  `LATITUDINE` varchar(35) NOT NULL,
  `CODISTAT` varchar(20) NOT NULL,
  `NOMECOMUNE` varchar(20) NOT NULL,
  `DUG` varchar(20) NOT NULL,
  `DENOMINAZIONE` varchar(20) NOT NULL,
  `CIVICO` int(10) NOT NULL,
  `ESPONENTE` varchar(20) DEFAULT 'NON DISPONIBILE',
  `PATHFOTOCIVICO` varchar(50) DEFAULT NULL,
  `PATHFOTOABITAZIONE` varchar(50) DEFAULT NULL,
  `DATA` varchar(10) DEFAULT NULL,
  `STATO` varchar(20) DEFAULT NULL,
  `CF_USER` varchar(20) DEFAULT NULL,
  `CF_SUPERUSER` varchar(20) DEFAULT NULL,
  `LONGITUDINE_ARR` varchar(35) DEFAULT NULL,
  `LATITUDINE_ARR` varchar(35) DEFAULT NULL,
  `ANNO_DI_COSTRUZIONE` int(11) DEFAULT NULL,
  `CLASSE_ENERGETICA` varchar(10) DEFAULT NULL,
  `DESCRIZIONE` varchar(100) DEFAULT NULL,
  `GIARDINO` tinyint(1) NOT NULL DEFAULT '0',
  `METRI_QUADRATI` varchar(6) NOT NULL,
  `N_BAGNI` int(11) NOT NULL DEFAULT '0',
  `N_LIVELLI` int(11) NOT NULL DEFAULT '0',
  `N_VANI` int(11) NOT NULL DEFAULT '0',
  `PIANO` varchar(20) DEFAULT NULL,
  `POSTO_AUTO` tinyint(1) NOT NULL DEFAULT '0',
  `PREZZO` double NOT NULL DEFAULT '0',
  `TIPOLOGIA` varchar(30) DEFAULT NULL,
  `ARREDAMENTO` tinyint(1) NOT NULL DEFAULT '1',
  `PROPRIETARIO` varchar(20) NOT NULL,
  `VENDITORE` varchar(20) NOT NULL,
  `ACQUIRENTE` varchar(20) DEFAULT NULL,
  `LOCATORE` varchar(20) DEFAULT NULL,
  `LOCATARIO` varchar(20) DEFAULT NULL
) ENGINE=MyISAM DEFAULT CHARSET=latin1;

INSERT INTO `rilievo` (`LONGITUDINE`, `LATITUDINE`, `CODISTAT`, `NOMECOMUNE`, `DUG`, `DENOMINAZIONE`, `CIVICO`, `ESPONENTE`, `PATHFOTOCIVICO`, `PATHFOTOABITAZIONE`, `DATA`, `STATO`, `CF_USER`, `CF_SUPERUSER`, `LONGITUDINE_ARR`, `LATITUDINE_ARR`, `ANNO_DI_COSTRUZIONE`, `CLASSE_ENERGETICA`, `DESCRIZIONE`, `GIARDINO`, `METRI_QUADRATI`, `N_BAGNI`, `N_LIVELLI`, `N_VANI`, `PIANO`, `POSTO_AUTO`, `PREZZO`, `TIPOLOGIA`, `ARREDAMENTO`, `PROPRIETARIO`, `VENDITORE`, `ACQUIRENTE`, `LOCATORE`, `LOCATARIO`) VALUES
('14.8068562898386', '40.7838083595941', '065052', 'FISCIANO', 'VIA', 'SAN MICHELE', 15, 'NON DISPONIBILE', NULL, NULL, NULL, NULL, NULL, NULL, '14.8068562898', '40.7838083596', 2001, 'E', 'APPARTAMENTO CENTRO', 0, '80', 2, 1, 5, 'SECONDO PIANO', 0, 80000, 'APPARTAMENTO', 1, 'DPNNTN92C05I805H', '03519560654', NULL, NULL, NULL),
('14.8068833595337', '40.782323801878', '065052', 'FISCIANO', 'VIA', 'SAN MICHELE', 11, 'NON DISPONIBILE', NULL, NULL, NULL, NULL, NULL, NULL, '14.8068833595', '40.7823238019', 2001, 'E', 'APPARTAMENTO CENTRO', 0, '80', 2, 1, 5, 'SECONDO PIANO', 0, 80000, 'APPARTAMENTO', 1, 'DPNNTN92C05I805H', '03519560654', NULL, NULL, NULL),
('14.8068926103439', '40.7788906533179', '065052', 'FISCIANO', 'VIA', 'RAFFAELE M. GALDIERI', 42, 'NON DISPONIBILE', NULL, NULL, NULL, NULL, NULL, NULL, '14.8068926103', '40.7788906533', 2001, 'E', 'APPARTAMENTO CENTRO', 0, '80', 2, 1, 5, 'SECONDO PIANO', 0, 80000, 'APPARTAMENTO', 1, 'DPNNTN92C05I805H', '03519560654', NULL, NULL, NULL),
('14.8069042116418', '40.7789170080672', '065052', 'FISCIANO', 'VIA', 'RAFFAELE M. GALDIERI', 44, 'NON DISPONIBILE', NULL, NULL, NULL, NULL, NULL, NULL, '14.8069042116', '40.7789170081', 2001, 'E', 'APPARTAMENTO CENTRO', 0, '80', 2, 1, 5, 'SECONDO PIANO', 0, 80000, 'APPARTAMENTO', 1, 'DPNNTN92C05I805H', '03519560654', NULL, NULL, NULL),
('14.8070109738102', '40.7851376986978', '065052', 'FISCIANO', 'VIA', 'SAN MICHELE', 6, 'NON DISPONIBILE', NULL, NULL, NULL, NULL, NULL, NULL, '14.8070109738', '40.7851376987', 2001, 'E', 'APPARTAMENTO CENTRO', 0, '80', 2, 1, 5, 'SECONDO PIANO', 0, 80000, 'APPARTAMENTO', 1, 'DPNNTN92C05I805H', '03519560654', NULL, NULL, NULL),
('14.8070380435052', '40.7629409843536', '065052', 'FISCIANO', 'VIA', 'DELLA PANORAMICA', 20, 'NON DISPONIBILE', NULL, NULL, NULL, NULL, NULL, NULL, '14.8070380435', '40.7629409844', 2001, 'E', 'APPARTAMENTO CENTRO', 0, '80', 2, 1, 5, 'SECONDO PIANO', 0, 80000, 'APPARTAMENTO', 1, 'DPNNTN92C05I805H', '03519560654', NULL, NULL, NULL),
('14.8070805815974', '40.7790324747289', '065052', 'FISCIANO', 'VIA', 'RAFFAELE M. GALDIERI', 46, 'NON DISPONIBILE', NULL, NULL, NULL, NULL, NULL, NULL, '14.8070805816', '40.7790324747', 2001, 'E', 'APPARTAMENTO CENTRO', 0, '80', 2, 1, 5, 'SECONDO PIANO', 0, 80000, 'APPARTAMENTO', 1, 'DPNNTN92C05I805H', '03519560654', NULL, NULL, NULL),
('14.807114968553', '40.7744804783976', '065052', 'FISCIANO', 'VIA', 'GIACOMO BRODOLINI', 56, 'NON DISPONIBILE', NULL, NULL, NULL, NULL, NULL, NULL, '14.8071149686', '40.7744804784', 2001, 'E', 'APPARTAMENTO CENTRO', 0, '80', 2, 1, 5, 'SECONDO PIANO', 0, 80000, 'APPARTAMENTO', 1, 'DPNNTN92C05I805H', '03519560654', NULL, NULL, NULL),
('14.8071811261789', '40.7826898201761', '065052', 'FISCIANO', 'VIA', 'SAN MICHELE', 2, 'NON DISPONIBILE', NULL, NULL, NULL, NULL, NULL, NULL, '14.8071811262', '40.7826898202', 2001, 'E', 'APPARTAMENTO CENTRO', 0, '80', 2, 1, 5, 'SECONDO PIANO', 0, 80000, 'APPARTAMENTO', 1, 'DPNNTN92C05I805H', '03519560654', NULL, NULL, NULL),
('14.8072387157302', '40.7742110558324', '065052', 'FISCIANO', 'VIA', 'GIACOMO BRODOLINI', 48, 'NON DISPONIBILE', NULL, NULL, NULL, NULL, NULL, NULL, '14.8072387157', '40.7742110558', 2001, 'E', 'APPARTAMENTO CENTRO', 0, '80', 2, 1, 5, 'SECONDO PIANO', 0, 80000, 'APPARTAMENTO', 1, 'DPNNTN92C05I805H', '03519560654', NULL, NULL, NULL),
('14.8072739365618', '40.7833808572238', '065052', 'FISCIANO', 'VIA', 'SAN MICHELE', 13, 'NON DISPONIBILE', NULL, NULL, NULL, NULL, NULL, NULL, '14.8072739366', '40.7833808572', 2001, 'E', 'APPARTAMENTO CENTRO', 0, '80', 2, 1, 5, 'SECONDO PIANO', 0, 80000, 'APPARTAMENTO', 1, 'DPNNTN92C05I805H', '03519560654', NULL, NULL, NULL),
('14.807288988021', '40.7743926233333', '065052', 'FISCIANO', 'VIA', 'GIACOMO BRODOLINI', 54, 'NON DISPONIBILE', NULL, NULL, NULL, NULL, NULL, NULL, '14.8072889880', '40.7743926233', 2001, 'E', 'APPARTAMENTO CENTRO', 0, '80', 2, 1, 5, 'SECONDO PIANO', 0, 80000, 'APPARTAMENTO', 1, 'DPNNTN92C05I805H', '03519560654', NULL, NULL, NULL),
('14.8072928551203', '40.774334053226', '065052', 'FISCIANO', 'VIA', 'GIACOMO BRODOLINI', 50, 'NON DISPONIBILE', NULL, NULL, NULL, NULL, NULL, NULL, '14.8072928551', '40.7743340532', 2001, 'E', 'APPARTAMENTO CENTRO', 0, '80', 2, 1, 5, 'SECONDO PIANO', 0, 80000, 'APPARTAMENTO', 1, 'DPNNTN92C05I805H', '03519560654', NULL, NULL, NULL),
('14.8073199248153', '40.7743486957576', '065052', 'FISCIANO', 'VIA', 'GIACOMO BRODOLINI', 52, 'NON DISPONIBILE', NULL, NULL, NULL, NULL, NULL, NULL, '14.8073199248', '40.7743486958', 2001, 'E', 'APPARTAMENTO CENTRO', 0, '80', 2, 1, 5, 'SECONDO PIANO', 0, 80000, 'APPARTAMENTO', 1, 'DPNNTN92C05I805H', '03519560654', NULL, NULL, NULL),
('14.8073474114483', '40.7622848831453', '065052', 'FISCIANO', 'VIA', 'DELLA PANORAMICA', 18, 'NON DISPONIBILE', NULL, NULL, NULL, NULL, NULL, NULL, '14.8073474114', '40.7622848831', 2001, 'E', 'APPARTAMENTO CENTRO', 0, '80', 2, 1, 5, 'SECONDO PIANO', 0, 80000, 'APPARTAMENTO', 1, 'DPNNTN92C05I805H', '03519560654', NULL, NULL, NULL),
('14.8073547287089', '40.7746474026996', '065052', 'FISCIANO', 'VIA', 'GIACOMO BRODOLINI', 60, 'NON DISPONIBILE', NULL, NULL, NULL, NULL, NULL, NULL, '14.8073547287', '40.7746474027', 2001, 'E', 'APPARTAMENTO CENTRO', 0, '80', 2, 1, 5, 'SECONDO PIANO', 0, 80000, 'APPARTAMENTO', 1, 'DPNNTN92C05I805H', '03519560654', NULL, NULL, NULL),
('14.807370614044', '40.7791876744237', '065052', 'FISCIANO', 'VIA', 'RAFFAELE M. GALDIERI', 48, 'NON DISPONIBILE', NULL, NULL, NULL, NULL, NULL, NULL, '14.8073706140', '40.7791876744', 2001, 'E', 'APPARTAMENTO CENTRO', 0, '80', 2, 1, 5, 'SECONDO PIANO', 0, 80000, 'APPARTAMENTO', 1, 'DPNNTN92C05I805H', '03519560654', NULL, NULL, NULL),
('14.8073817984039', '40.7741437000204', '065052', 'FISCIANO', 'VIA', 'GIACOMO BRODOLINI', 46, 'NON DISPONIBILE', NULL, NULL, NULL, NULL, NULL, NULL, '14.8073817984', '40.7741437000', 2001, 'E', 'APPARTAMENTO CENTRO', 0, '80', 2, 1, 5, 'SECONDO PIANO', 0, 80000, 'APPARTAMENTO', 1, 'DPNNTN92C05I805H', '03519560654', NULL, NULL, NULL),
('14.8073972668011', '40.7745039063951', '065052', 'FISCIANO', 'VIA', 'GIACOMO BRODOLINI', 58, 'NON DISPONIBILE', NULL, NULL, NULL, NULL, NULL, NULL, '14.8073972668', '40.7745039064', 2001, 'E', 'APPARTAMENTO CENTRO', 0, '80', 2, 1, 5, 'SECONDO PIANO', 0, 80000, 'APPARTAMENTO', 1, 'DPNNTN92C05I805H', '03519560654', NULL, NULL, NULL),
('14.8074011339004', '40.7746796161131', '065052', 'FISCIANO', 'VIA', 'GIACOMO BRODOLINI', 62, 'NON DISPONIBILE', NULL, NULL, NULL, NULL, NULL, NULL, '14.8074011339', '40.7746796161', 2001, 'E', 'APPARTAMENTO CENTRO', 0, '80', 2, 1, 5, 'SECONDO PIANO', 0, 80000, 'APPARTAMENTO', 1, 'DPNNTN92C05I805H', '03519560654', NULL, NULL, NULL),
('14.807463007489', '40.7747001155499', '065052', 'FISCIANO', 'VIA', 'GIACOMO BRODOLINI', 64, 'NON DISPONIBILE', NULL, NULL, NULL, NULL, NULL, NULL, '14.8074630075', '40.7747001155', 2001, 'E', 'APPARTAMENTO CENTRO', 0, '80', 2, 1, 5, 'SECONDO PIANO', 0, 80000, 'APPARTAMENTO', 1, 'DPNNTN92C05I805H', '03519560654', NULL, NULL, NULL),
('14.8075248810776', '40.7741524855678', '065052', 'FISCIANO', 'VIA', 'GIACOMO BRODOLINI', 42, 'NON DISPONIBILE', NULL, NULL, NULL, NULL, NULL, NULL, '14.8075248811', '40.7741524856', 2001, 'E', 'APPARTAMENTO CENTRO', 0, '80', 2, 1, 5, 'SECONDO PIANO', 0, 80000, 'APPARTAMENTO', 1, 'DPNNTN92C05I805H', '03519560654', NULL, NULL, NULL),
('14.8075596849712', '40.7747440428933', '065052', 'FISCIANO', 'VIA', 'GIACOMO BRODOLINI', 66, 'NON DISPONIBILE', NULL, NULL, NULL, NULL, NULL, NULL, '14.8075596850', '40.7747440429', 2001, 'E', 'APPARTAMENTO CENTRO', 0, '80', 2, 1, 5, 'SECONDO PIANO', 0, 80000, 'APPARTAMENTO', 1, 'DPNNTN92C05I805H', '03519560654', NULL, NULL, NULL),
('14.8075867546662', '40.7747440428933', '065052', 'FISCIANO', 'VIA', 'GIACOMO BRODOLINI', 68, 'NON DISPONIBILE', NULL, NULL, NULL, NULL, NULL, NULL, '14.8075867547', '40.7747440429', 2001, 'E', 'APPARTAMENTO CENTRO', 0, '80', 2, 1, 5, 'SECONDO PIANO', 0, 80000, 'APPARTAMENTO', 1, 'DPNNTN92C05I805H', '03519560654', NULL, NULL, NULL),
('14.8076331598577', '40.7747645423102', '065052', 'FISCIANO', 'VIA', 'GIACOMO BRODOLINI', 70, 'NON DISPONIBILE', NULL, NULL, NULL, NULL, NULL, NULL, '14.8076331599', '40.7747645423', 2001, 'E', 'APPARTAMENTO CENTRO', 0, '80', 2, 1, 5, 'SECONDO PIANO', 0, 80000, 'APPARTAMENTO', 1, 'DPNNTN92C05I805H', '03519560654', NULL, NULL, NULL),
('14.8076486282548', '40.7748406829464', '065052', 'FISCIANO', 'VIA', 'GIACOMO BRODOLINI', 1, 'NON DISPONIBILE', NULL, NULL, NULL, NULL, NULL, NULL, '14.8076486283', '40.7748406829', 2016, 'B', 'CASA_INDIPENDENTE CENTRO', 0, '180', 2, 1, 5, 'SECONDO PIANO', 0, 180000, 'CASA_INDIPENDENTE', 0, 'GRDFRC74C31H703F', '02847080641', NULL, NULL, NULL),
('14.8076529122921', '40.7831993142889', '065052', 'FISCIANO', 'VIA', 'SAN MICHELE', 4, 'NON DISPONIBILE', NULL, NULL, NULL, NULL, NULL, NULL, '14.8076529123', '40.7831993143', 2016, 'B', 'CASA_INDIPENDENTE CENTRO', 0, '180', 2, 1, 5, 'SECONDO PIANO', 0, 180000, 'CASA_INDIPENDENTE', 0, 'GRDFRC74C31H703F', '02847080641', NULL, NULL, NULL),
('14.8076834321484', '40.7741817707085', '065052', 'FISCIANO', 'VIA', 'GIACOMO BRODOLINI', 44, 'NON DISPONIBILE', NULL, NULL, NULL, NULL, NULL, NULL, '14.8076834321', '40.7741817707', 2016, 'B', 'CASA_INDIPENDENTE CENTRO', 0, '180', 2, 1, 5, 'SECONDO PIANO', 0, 180000, 'CASA_INDIPENDENTE', 0, 'GRDFRC74C31H703F', '02847080641', NULL, NULL, NULL),
('14.8076834321484', '40.774779184747', '065052', 'FISCIANO', 'VIA', 'GIACOMO BRODOLINI', 72, 'NON DISPONIBILE', NULL, NULL, NULL, NULL, NULL, NULL, '14.8076834321', '40.7747791847', 2016, 'B', 'CASA_INDIPENDENTE CENTRO', 0, '180', 2, 1, 5, 'SECONDO PIANO', 0, 180000, 'CASA_INDIPENDENTE', 0, 'GRDFRC74C31H703F', '02847080641', NULL, NULL, NULL),
('14.8076872992477', '40.7747572210906', '065052', 'FISCIANO', 'VIA', 'GIACOMO BRODOLINI', 74, 'NON DISPONIBILE', NULL, NULL, NULL, NULL, NULL, NULL, '14.8076872992', '40.7747572211', 2016, 'B', 'CASA_INDIPENDENTE CENTRO', 0, '180', 2, 1, 5, 'SECONDO PIANO', 0, 180000, 'CASA_INDIPENDENTE', 0, 'GRDFRC74C31H703F', '02847080641', NULL, NULL, NULL),
('14.8076950334463', '40.7747469713818', '065052', 'FISCIANO', 'VIA', 'GIACOMO BRODOLINI', 76, 'NON DISPONIBILE', NULL, NULL, NULL, NULL, NULL, NULL, '14.8076950334', '40.7747469714', 2016, 'B', 'CASA_INDIPENDENTE CENTRO', 0, '180', 2, 1, 5, 'SECONDO PIANO', 0, 180000, 'CASA_INDIPENDENTE', 0, 'GRDFRC74C31H703F', '02847080641', NULL, NULL, NULL),
('14.8077143689427', '40.7747469713818', '065052', 'FISCIANO', 'VIA', 'GIACOMO BRODOLINI', 78, 'NON DISPONIBILE', NULL, NULL, NULL, NULL, NULL, NULL, '14.8077143689', '40.7747469714', 2016, 'B', 'CASA_INDIPENDENTE CENTRO', 0, '180', 2, 1, 5, 'SECONDO PIANO', 0, 180000, 'CASA_INDIPENDENTE', 0, 'GRDFRC74C31H703F', '02847080641', NULL, NULL, NULL),
('14.8077298373399', '40.7748465399148', '065052', 'FISCIANO', 'VIA', 'GIACOMO BRODOLINI', 3, 'NON DISPONIBILE', NULL, NULL, NULL, NULL, NULL, NULL, '14.8077298373', '40.7748465399', 2016, 'B', 'CASA_INDIPENDENTE CENTRO', 0, '180', 2, 1, 5, 'SECONDO PIANO', 0, 180000, 'CASA_INDIPENDENTE', 0, 'GRDFRC74C31H703F', '02847080641', NULL, NULL, NULL),
('14.8077337044392', '40.7747440428933', '065052', 'FISCIANO', 'VIA', 'GIACOMO BRODOLINI', 80, 'NON DISPONIBILE', NULL, NULL, NULL, NULL, NULL, NULL, '14.8077337044', '40.7747440429', 2016, 'B', 'CASA_INDIPENDENTE CENTRO', 0, '180', 2, 1, 5, 'SECONDO PIANO', 0, 180000, 'CASA_INDIPENDENTE', 0, 'GRDFRC74C31H703F', '02847080641', NULL, NULL, NULL),
('14.8077627076838', '40.774742578649', '065052', 'FISCIANO', 'VIA', 'GIACOMO BRODOLINI', 82, 'NON DISPONIBILE', NULL, NULL, NULL, NULL, NULL, NULL, '14.8077627077', '40.7747425786', 2016, 'B', 'CASA_INDIPENDENTE CENTRO', 0, '180', 2, 1, 5, 'SECONDO PIANO', 0, 180000, 'CASA_INDIPENDENTE', 0, 'GRDFRC74C31H703F', '02847080641', NULL, NULL, NULL),
('14.8077917109285', '40.7748465399148', '065052', 'FISCIANO', 'VIA', 'GIACOMO BRODOLINI', 5, 'NON DISPONIBILE', NULL, NULL, NULL, NULL, NULL, NULL, '14.8077917109', '40.7748465399', 2016, 'B', 'CASA_INDIPENDENTE CENTRO', 0, '180', 2, 1, 5, 'SECONDO PIANO', 0, 180000, 'CASA_INDIPENDENTE', 0, 'GRDFRC74C31H703F', '02847080641', NULL, NULL, NULL),
('14.8078477838682', '40.774748435626', '065052', 'FISCIANO', 'VIA', 'GIACOMO BRODOLINI', 84, 'NON DISPONIBILE', NULL, NULL, NULL, NULL, NULL, NULL, '14.8078477839', '40.7747484356', 2016, 'B', 'CASA_INDIPENDENTE CENTRO', 0, '180', 2, 1, 5, 'SECONDO PIANO', 0, 180000, 'CASA_INDIPENDENTE', 0, 'GRDFRC74C31H703F', '02847080641', NULL, NULL, NULL),
('14.8078632522653', '40.7747279362041', '065052', 'FISCIANO', 'VIA', 'GIACOMO BRODOLINI', 86, 'NON DISPONIBILE', NULL, NULL, NULL, NULL, NULL, NULL, '14.8078632523', '40.7747279362', 2016, 'B', 'CASA_INDIPENDENTE CENTRO', 0, '180', 2, 1, 5, 'SECONDO PIANO', 0, 180000, 'CASA_INDIPENDENTE', 0, 'GRDFRC74C31H703F', '02847080641', NULL, NULL, NULL),
('14.8078864548611', '40.7747250077147', '065052', 'FISCIANO', 'VIA', 'GIACOMO BRODOLINI', 88, 'NON DISPONIBILE', NULL, NULL, NULL, NULL, NULL, NULL, '14.8078864549', '40.7747250077', 2016, 'B', 'CASA_INDIPENDENTE CENTRO', 0, '180', 2, 1, 5, 'SECONDO PIANO', 0, 180000, 'CASA_INDIPENDENTE', 0, 'GRDFRC74C31H703F', '02847080641', NULL, NULL, NULL),
('14.8078864548611', '40.7748597180918', '065052', 'FISCIANO', 'VIA', 'GIACOMO BRODOLINI', 7, 'NON DISPONIBILE', NULL, NULL, NULL, NULL, NULL, NULL, '14.8078864549', '40.7748597181', 2016, 'B', 'CASA_INDIPENDENTE CENTRO', 0, '180', 2, 1, 5, 'SECONDO PIANO', 0, 180000, 'CASA_INDIPENDENTE', 0, 'GRDFRC74C31H703F', '02847080641', NULL, NULL, NULL),
('14.8079038568079', '40.773959203316', '065052', 'FISCIANO', 'VIA', 'GIACOMO BRODOLINI', 12, 'NON DISPONIBILE', NULL, NULL, NULL, NULL, NULL, NULL, '14.8079038568', '40.7739592033', 2016, 'B', 'CASA_INDIPENDENTE CENTRO', 0, '180', 2, 1, 5, 'SECONDO PIANO', 0, 180000, 'CASA_INDIPENDENTE', 0, 'GRDFRC74C31H703F', '02847080641', NULL, NULL, NULL),
('14.8079231923043', '40.7739269895532', '065052', 'FISCIANO', 'VIA', 'GIACOMO BRODOLINI', 10, 'NON DISPONIBILE', NULL, NULL, NULL, NULL, NULL, NULL, '14.8079231923', '40.7739269896', 2016, 'B', 'CASA_INDIPENDENTE CENTRO', 0, '180', 2, 1, 5, 'SECONDO PIANO', 0, 180000, 'CASA_INDIPENDENTE', 0, 'GRDFRC74C31H703F', '02847080641', NULL, NULL, NULL),
('14.807939623182', '40.7748197527899', '065052', 'FISCIANO', 'VIA', 'GIACOMO BRODOLINI', 9, 'NON DISPONIBILE', NULL, NULL, NULL, NULL, NULL, NULL, '14.8079396232', '40.7748197528', 2016, 'B', 'CASA_INDIPENDENTE CENTRO', 0, '180', 2, 1, 5, 'SECONDO PIANO', 0, 180000, 'CASA_INDIPENDENTE', 0, 'GRDFRC74C31H703F', '02847080641', NULL, NULL, NULL),
('14.8079657303965', '40.7739123469286', '065052', 'FISCIANO', 'VIA', 'GIACOMO BRODOLINI', 8, 'NON DISPONIBILE', NULL, NULL, NULL, NULL, NULL, NULL, '14.8079657304', '40.7739123469', 2016, 'B', 'CASA_INDIPENDENTE CENTRO', 0, '180', 2, 1, 5, 'SECONDO PIANO', 0, 180000, 'CASA_INDIPENDENTE', 0, 'GRDFRC74C31H703F', '02847080641', NULL, NULL, NULL),
('14.807979265244', '40.7746664379004', '065052', 'FISCIANO', 'VIA', 'GIACOMO BRODOLINI', 92, 'NON DISPONIBILE', NULL, NULL, NULL, NULL, NULL, NULL, '14.8079792652', '40.7746664379', 2016, 'B', 'CASA_INDIPENDENTE CENTRO', 0, '180', 2, 1, 5, 'SECONDO PIANO', 0, 180000, 'CASA_INDIPENDENTE', 0, 'GRDFRC74C31H703F', '02847080641', NULL, NULL, NULL),
('14.8079869994426', '40.7746781518674', '065052', 'FISCIANO', 'VIA', 'GIACOMO BRODOLINI', 90, 'NON DISPONIBILE', NULL, NULL, NULL, NULL, NULL, NULL, '14.8079869994', '40.7746781519', 2016, 'B', 'CASA_INDIPENDENTE CENTRO', 0, '180', 2, 1, 5, 'SECONDO PIANO', 0, 180000, 'CASA_INDIPENDENTE', 0, 'GRDFRC74C31H703F', '02847080641', NULL, NULL, NULL),
('14.8079986007404', '40.7746547239313', '065052', 'FISCIANO', 'VIA', 'GIACOMO BRODOLINI', 94, 'NON DISPONIBILE', NULL, NULL, NULL, NULL, NULL, NULL, '14.8079986007', '40.7746547239', 2016, 'B', 'CASA_INDIPENDENTE CENTRO', 0, '180', 2, 1, 5, 'SECONDO PIANO', 0, 180000, 'CASA_INDIPENDENTE', 0, 'GRDFRC74C31H703F', '02847080641', NULL, NULL, NULL),
('14.8080082684887', '40.7738889187225', '065052', 'FISCIANO', 'VIA', 'GIACOMO BRODOLINI', 6, 'NON DISPONIBILE', NULL, NULL, NULL, NULL, NULL, NULL, '14.8080082685', '40.7738889187', 2016, 'B', 'CASA_INDIPENDENTE CENTRO', 0, '180', 2, 1, 5, 'SECONDO PIANO', 0, 180000, 'CASA_INDIPENDENTE', 0, 'GRDFRC74C31H703F', '02847080641', NULL, NULL, NULL),
('14.8080241538238', '40.7788274934442', '065052', 'FISCIANO', 'VIA', 'RAFFAELE M. GALDIERI', 60, 'NON DISPONIBILE', NULL, NULL, NULL, NULL, NULL, NULL, '14.8080241538', '40.7788274934', 2016, 'B', 'CASA_INDIPENDENTE CENTRO', 0, '180', 2, 1, 5, 'SECONDO PIANO', 0, 180000, 'CASA_INDIPENDENTE', 0, 'GRDFRC74C31H703F', '02847080641', NULL, NULL, NULL),
('14.8080434893202', '40.7788597048308', '065052', 'FISCIANO', 'VIA', 'RAFFAELE M. GALDIERI', 58, 'NON DISPONIBILE', NULL, NULL, NULL, NULL, NULL, NULL, '14.8080434893', '40.7788597048', 2016, 'B', 'CASA_INDIPENDENTE CENTRO', 0, '180', 2, 1, 5, 'SECONDO PIANO', 0, 180000, 'CASA_INDIPENDENTE', 0, 'GRDFRC74C31H703F', '02847080641', NULL, NULL, NULL),
('14.8080469394816', '40.7740060596704', '065052', 'FISCIANO', 'VIA', 'GIACOMO BRODOLINI', 14, 'NON DISPONIBILE', NULL, NULL, NULL, NULL, NULL, NULL, '14.8080469395', '40.7740060597', 0, '', '', 0, '', 0, 0, 0, 'TERRA', 0, 0, '', 0, '', '', NULL, NULL, NULL),
('14.8080624078787', '40.7740675585839', '065052', 'FISCIANO', 'VIA', 'GIACOMO BRODOLINI', 30, 'NON DISPONIBILE', NULL, NULL, NULL, NULL, NULL, NULL, '14.8080624079', '40.7740675586', 0, '', '', 0, '', 0, 0, 0, 'TERRA', 0, 0, '', 0, '', '', NULL, NULL, NULL),
('14.8080628248167', '40.7787923537319', '065052', 'FISCIANO', 'VIA', 'RAFFAELE M. GALDIERI', 62, 'NON DISPONIBILE', NULL, NULL, NULL, NULL, NULL, NULL, '14.8080628248', '40.7787923537', 0, '', '', 0, '', 0, 0, 0, 'TERRA', 0, 0, '', 0, '', '', NULL, NULL, NULL),
('14.8080821603131', '40.7788714180584', '065052', 'FISCIANO', 'VIA', 'RAFFAELE M. GALDIERI', 56, 'NON DISPONIBILE', NULL, NULL, NULL, NULL, NULL, NULL, '14.8080821603', '40.7788714181', 0, '', '', 0, '', 0, 0, 0, 'TERRA', 0, 0, '', 0, '', '', NULL, NULL, NULL),
('14.8080894775737', '40.7746049395398', '065052', 'FISCIANO', 'VIA', 'GIACOMO BRODOLINI', 98, 'NON DISPONIBILE', NULL, NULL, NULL, NULL, NULL, NULL, '14.8080894776', '40.7746049395', 0, '', '', 0, '', 0, 0, 0, 'TERRA', 0, 0, '', 0, '', '', NULL, NULL, NULL),
('14.8080898945117', '40.7790617577179', '065052', 'FISCIANO', 'VIA', 'RAFFAELE M. GALDIERI', 50, 'NON DISPONIBILE', NULL, NULL, NULL, NULL, NULL, NULL, '14.8080898945', '40.7790617577', 0, '', '', 0, '', 0, 0, 0, 'TERRA', 0, 0, '', 0, '', '', NULL, NULL, NULL),
('14.808093761611', '40.7788011386617', '065052', 'FISCIANO', 'VIA', 'RAFFAELE M. GALDIERI', 64, 'NON DISPONIBILE', NULL, NULL, NULL, NULL, NULL, NULL, '14.8080937616', '40.7788011387', 0, '', '', 0, '', 0, 0, 0, 'TERRA', 0, 0, '', 0, '', '', NULL, NULL, NULL),
('14.8081126801695', '40.774596154055', '065052', 'FISCIANO', 'VIA', 'GIACOMO BRODOLINI', 100, 'NON DISPONIBILE', NULL, NULL, NULL, NULL, NULL, NULL, '14.8081126802', '40.7745961541', 0, '', '', 0, '', 0, 0, 0, 'TERRA', 0, 0, '', 0, '', '', NULL, NULL, NULL),
('14.8081130971074', '40.778883131284', '065052', 'FISCIANO', 'VIA', 'RAFFAELE M. GALDIERI', 54, 'NON DISPONIBILE', NULL, NULL, NULL, NULL, NULL, NULL, '14.8081130971', '40.7788831313', 0, '', '', 0, '', 0, 0, 0, 'TERRA', 0, 0, '', 0, '', '', NULL, NULL, NULL),
('14.8081246984053', '40.7787220742515', '065052', 'FISCIANO', 'VIA', 'RAFFAELE M. GALDIERI', 72, 'NON DISPONIBILE', NULL, NULL, NULL, NULL, NULL, NULL, '14.8081246984', '40.7787220743', 0, '', '', 0, '', 0, 0, 0, 'TERRA', 0, 0, '', 0, '', '', NULL, NULL, NULL),
('14.8081281485666', '40.7742784115733', '065052', 'FISCIANO', 'VIA', 'GIACOMO BRODOLINI', 40, 'NON DISPONIBILE', NULL, NULL, NULL, NULL, NULL, NULL, '14.8081281486', '40.7742784116', 0, '', '', 0, '', 0, 0, 0, 'TERRA', 0, 0, '', 0, '', '', NULL, NULL, NULL),
('14.8081358827652', '40.7739709174077', '065052', 'FISCIANO', 'VIA', 'GIACOMO BRODOLINI', 16, 'NON DISPONIBILE', NULL, NULL, NULL, NULL, NULL, NULL, '14.8081358828', '40.7739709174', 0, '', '', 0, '', 0, 0, 0, 'TERRA', 0, 0, '', 0, '', '', NULL, NULL, NULL),
('14.8081401668025', '40.7788977728131', '065052', 'FISCIANO', 'VIA', 'RAFFAELE M. GALDIERI', 52, 'NON DISPONIBILE', NULL, NULL, NULL, NULL, NULL, NULL, '14.8081401668', '40.7788977728', 0, '', '', 0, '', 0, 0, 0, 'TERRA', 0, 0, '', 0, '', '', NULL, NULL, NULL),
('14.8081440339017', '40.7787484290653', '065052', 'FISCIANO', 'VIA', 'RAFFAELE M. GALDIERI', 70, 'NON DISPONIBILE', NULL, NULL, NULL, NULL, NULL, NULL, '14.8081440339', '40.7787484291', 0, '', '', 0, '', 0, 0, 0, 'TERRA', 0, 0, '', 0, '', '', NULL, NULL, NULL),
('14.808147901001', '40.7788187085179', '065052', 'FISCIANO', 'VIA', 'RAFFAELE M. GALDIERI', 66, 'NON DISPONIBILE', NULL, NULL, NULL, NULL, NULL, NULL, '14.8081479010', '40.7788187085', 0, '', '', 0, '', 0, 0, 0, 'TERRA', 0, 0, '', 0, '', '', NULL, NULL, NULL),
('14.8081745537581', '40.7745580836077', '065052', 'FISCIANO', 'VIA', 'GIACOMO BRODOLINI', 102, 'NON DISPONIBILE', NULL, NULL, NULL, NULL, NULL, NULL, '14.8081745538', '40.7745580836', 0, '', '', 0, '', 0, 0, 0, 'TERRA', 0, 0, '', 0, '', '', NULL, NULL, NULL),
('14.8081784208574', '40.7740324163573', '065052', 'FISCIANO', 'VIA', 'GIACOMO BRODOLINI', 28, 'NON DISPONIBILE', NULL, NULL, NULL, NULL, NULL, NULL, '14.8081784209', '40.7740324164', 0, '', '', 0, '', 0, 0, 0, 'TERRA', 0, 0, '', 0, '', '', NULL, NULL, NULL),
('14.8081865719939', '40.7787542856892', '065052', 'FISCIANO', 'VIA', 'RAFFAELE M. GALDIERI', 68, 'NON DISPONIBILE', NULL, NULL, NULL, NULL, NULL, NULL, '14.8081865720', '40.7787542857', 0, '', '', 0, '', 0, 0, 0, 'TERRA', 0, 0, '', 0, '', '', NULL, NULL, NULL),
('14.8082093576517', '40.7739504177459', '065052', 'FISCIANO', 'VIA', 'GIACOMO BRODOLINI', 18, 'NON DISPONIBILE', NULL, NULL, NULL, NULL, NULL, NULL, '14.8082093577', '40.7739504177', 0, '', '', 0, '', 0, 0, 0, 'TERRA', 0, 0, '', 0, '', '', NULL, NULL, NULL),
('14.8082209589495', '40.7742608405501', '065052', 'FISCIANO', 'VIA', 'GIACOMO BRODOLINI', 38, 'NON DISPONIBILE', NULL, NULL, NULL, NULL, NULL, NULL, '14.8082209589', '40.7742608406', 0, '', '', 0, '', 0, 0, 0, 'TERRA', 0, 0, '', 0, '', '', NULL, NULL, NULL),
('14.8082209589495', '40.7745434411222', '065052', 'FISCIANO', 'VIA', 'GIACOMO BRODOLINI', 104, 'NON DISPONIBILE', NULL, NULL, NULL, NULL, NULL, NULL, '14.8082209589', '40.7745434411', 0, '', '', 0, '', 0, 0, 0, 'TERRA', 0, 0, '', 0, '', '', NULL, NULL, NULL),
('14.8082866996374', '40.7739240610286', '065052', 'FISCIANO', 'VIA', 'GIACOMO BRODOLINI', 20, 'NON DISPONIBILE', NULL, NULL, NULL, NULL, NULL, NULL, '14.8082866996', '40.7739240610', 0, '', '', 0, '', 0, 0, 0, 'TERRA', 0, 0, '', 0, '', '', NULL, NULL, NULL),
('14.8083099022332', '40.7741671281274', '065052', 'FISCIANO', 'VIA', 'GIACOMO BRODOLINI', 36, 'NON DISPONIBILE', NULL, NULL, NULL, NULL, NULL, NULL, '14.8083099022', '40.7741671281', 0, '', '', 0, '', 0, 0, 0, 'TERRA', 0, 0, '', 0, '', '', NULL, NULL, NULL),
('14.8083447061268', '40.7739855600195', '065052', 'FISCIANO', 'VIA', 'GIACOMO BRODOLINI', 26, 'NON DISPONIBILE', NULL, NULL, NULL, NULL, NULL, NULL, '14.8083447061', '40.7739855600', 0, '', '', 0, '', 0, 0, 0, 'TERRA', 0, 0, '', 0, '', '', NULL, NULL, NULL),
('14.8083528572633', '40.7595432473086', '065052', 'FISCIANO', 'VIA', 'DELLA PANORAMICA', 9, 'NON DISPONIBILE', NULL, NULL, NULL, NULL, NULL, NULL, '14.8083528573', '40.7595432473', 0, '', '', 0, '', 0, 0, 0, 'TERRA', 0, 0, '', 0, '', '', NULL, NULL, NULL),
('14.8083563074246', '40.7739094184033', '065052', 'FISCIANO', 'VIA', 'GIACOMO BRODOLINI', 22, 'NON DISPONIBILE', NULL, NULL, NULL, NULL, NULL, NULL, '14.8083563074', '40.7739094184', 0, '', '', 0, '', 0, 0, 0, 'TERRA', 0, 0, '', 0, '', '', NULL, NULL, NULL),
('14.8084031295541', '40.7786049416189', '065052', 'FISCIANO', 'VIA', 'RAFFAELE M. GALDIERI', 74, 'NON DISPONIBILE', NULL, NULL, NULL, NULL, NULL, NULL, '14.8084031296', '40.7786049416', 0, '', '', 0, '', 0, 0, 0, 'TERRA', 0, 0, '', 0, '', '', NULL, NULL, NULL),
('14.8084104468147', '40.7741319859738', '065052', 'FISCIANO', 'VIA', 'GIACOMO BRODOLINI', 34, 'NON DISPONIBILE', NULL, NULL, NULL, NULL, NULL, NULL, '14.8084104468', '40.7741319860', 0, '', '', 0, '', 0, 0, 0, 'TERRA', 0, 0, '', 0, '', '', NULL, NULL, NULL),
('14.8084235399143', '40.7746685145376', '065052', 'FISCIANO', 'VIA', 'GIACOMO BRODOLINI', 11, 'NON DISPONIBILE', NULL, NULL, NULL, NULL, NULL, NULL, '14.8084235399', '40.7746685145', 0, '', '', 0, '', 0, 0, 0, 'TERRA', 0, 0, '', 0, '', '', NULL, NULL, NULL),
('14.8084375165097', '40.7744438721349', '065052', 'FISCIANO', 'VIA', 'GIACOMO BRODOLINI', 106, 'NON DISPONIBILE', NULL, NULL, NULL, NULL, NULL, NULL, '14.8084375165', '40.7744438721', 0, '', '', 0, '', 0, 0, 0, 'TERRA', 0, 0, '', 0, '', '', NULL, NULL, NULL),
('14.8084723204033', '40.7744087301038', '065052', 'FISCIANO', 'VIA', 'GIACOMO BRODOLINI', 108, 'NON DISPONIBILE', NULL, NULL, NULL, NULL, NULL, NULL, '14.8084723204', '40.7744087301', 0, '', '', 0, '', 0, 0, 0, 'TERRA', 0, 0, '', 0, '', '', NULL, NULL, NULL),
('14.808495522999', '40.7737922772849', '065052', 'FISCIANO', 'VIA', 'GIACOMO BRODOLINI', 4, 'NON DISPONIBILE', NULL, NULL, NULL, NULL, NULL, NULL, '14.8084955230', '40.7737922773', 0, '', '', 0, '', 0, 0, 0, 'TERRA', 0, 0, '', 0, '', '', NULL, NULL, NULL),
('14.8085075412349', '40.7596369803153', '065052', 'FISCIANO', 'VIA', 'DELLA PANORAMICA', 16, 'NON DISPONIBILE', NULL, NULL, NULL, NULL, NULL, NULL, '14.8085075412', '40.7596369803', 0, '', '', 0, '', 0, 0, 0, 'TERRA', 0, 0, '', 0, '', '', NULL, NULL, NULL),
('14.8085109913962', '40.7739387036485', '065052', 'FISCIANO', 'VIA', 'GIACOMO BRODOLINI', 24, 'NON DISPONIBILE', NULL, NULL, NULL, NULL, NULL, NULL, '14.8085109914', '40.7739387036', 0, '', '', 0, '', 0, 0, 0, 'TERRA', 0, 0, '', 0, '', '', NULL, NULL, NULL),
('14.8085187255948', '40.7732592825887', '065052', 'FISCIANO', 'VIA', 'GIACOMO BRODOLINI', 2, 'NON DISPONIBILE', NULL, NULL, NULL, NULL, NULL, NULL, '14.8085187256', '40.7732592826', 0, '', '', 0, '', 0, 0, 0, 'TERRA', 0, 0, '', 0, '', '', NULL, NULL, NULL),
('14.8085187255948', '40.7743823735683', '065052', 'FISCIANO', 'VIA', 'GIACOMO BRODOLINI', 110, 'NON DISPONIBILE', NULL, NULL, NULL, NULL, NULL, NULL, '14.8085187256', '40.7743823736', 0, '', '', 0, '', 0, 0, 0, 'TERRA', 0, 0, '', 0, '', '', NULL, NULL, NULL),
('14.808615403077', '40.7743384459858', '065052', 'FISCIANO', 'VIA', 'GIACOMO BRODOLINI', 112, 'NON DISPONIBILE', NULL, NULL, NULL, NULL, NULL, NULL, '14.8086154031', '40.7743384460', 0, '', '', 0, '', 0, 0, 0, 'TERRA', 0, 0, '', 0, '', '', NULL, NULL, NULL),
('14.8086293548625', '40.7746662366156', '065052', 'FISCIANO', 'VIA', 'GIACOMO BRODOLINI', 13, 'NON DISPONIBILE', NULL, NULL, NULL, NULL, NULL, NULL, '14.8086293549', '40.7746662366', 0, '', '', 0, '', 0, 0, 0, 'TERRA', 0, 0, '', 0, '', '', NULL, NULL, NULL),
('14.8086386056727', '40.7743750523104', '065052', 'FISCIANO', 'VIA', 'GIACOMO BRODOLINI', 114, 'NON DISPONIBILE', NULL, NULL, NULL, NULL, NULL, NULL, '14.8086386057', '40.7743750523', 0, '', '', 0, '', 0, 0, 0, 'TERRA', 0, 0, '', 0, '', '', NULL, NULL, NULL),
('14.8086525574582', '40.7747072354912', '065052', 'FISCIANO', 'VIA', 'GIACOMO BRODOLINI', 15, 'NON DISPONIBILE', NULL, NULL, NULL, NULL, NULL, NULL, '14.8086525575', '40.7747072355', 0, '', '', 0, '', 0, 0, 0, 'TERRA', 0, 0, '', 0, '', '', NULL, NULL, NULL),
('14.8086656753677', '40.7740412019145', '065052', 'FISCIANO', 'VIA', 'GIACOMO BRODOLINI', 32, 'NON DISPONIBILE', NULL, NULL, NULL, NULL, NULL, NULL, '14.8086656754', '40.7740412019', 0, '', '', 0, '', 0, 0, 0, 'TERRA', 0, 0, '', 0, '', '', NULL, NULL, NULL),
('14.808669542467', '40.7743838378205', '065052', 'FISCIANO', 'VIA', 'GIACOMO BRODOLINI', 116, 'NON DISPONIBILE', NULL, NULL, NULL, NULL, NULL, NULL, '14.8086695425', '40.7743838378', 0, '', '', 0, '', 0, 0, 0, 'TERRA', 0, 0, '', 0, '', '', NULL, NULL, NULL),
('14.8086950955504', '40.7747775192191', '065052', 'FISCIANO', 'VIA', 'GIACOMO BRODOLINI', 17, 'NON DISPONIBILE', NULL, NULL, NULL, NULL, NULL, NULL, '14.8086950956', '40.7747775192', 0, '', '', 0, '', 0, 0, 0, 'TERRA', 0, 0, '', 0, '', '', NULL, NULL, NULL),
('14.8087453678411', '40.7747482343415', '065052', 'FISCIANO', 'VIA', 'GIACOMO BRODOLINI', 19, 'NON DISPONIBILE', NULL, NULL, NULL, NULL, NULL, NULL, '14.8087453678', '40.7747482343', 0, '', '', 0, '', 0, 0, 0, 'TERRA', 0, 0, '', 0, '', '', NULL, NULL, NULL),
('14.8087623528499', '40.7743838378205', '065052', 'FISCIANO', 'VIA', 'GIACOMO BRODOLINI', 118, 'NON DISPONIBILE', NULL, NULL, NULL, NULL, NULL, NULL, '14.8087623528', '40.7743838378', 0, '', '', 0, '', 0, 0, 0, 'TERRA', 0, 0, '', 0, '', '', NULL, NULL, NULL),
('14.8089170368215', '40.7743560170223', '065052', 'FISCIANO', 'VIA', 'GIACOMO BRODOLINI', 120, 'NON DISPONIBILE', NULL, NULL, NULL, NULL, NULL, NULL, '14.8089170368', '40.7743560170', 0, '', '', 0, '', 0, 0, 0, 'TERRA', 0, 0, '', 0, '', '', NULL, NULL, NULL),
('14.8089928621956', '40.7744963838614', '065052', 'FISCIANO', 'VIA', 'GIACOMO BRODOLINI', 21, 'NON DISPONIBILE', NULL, NULL, NULL, NULL, NULL, NULL, '14.8089928622', '40.7744963839', 0, '', '', 0, '', 0, 0, 0, 'TERRA', 0, 0, '', 0, '', '', NULL, NULL, NULL),
('14.8090562523959', '40.7743033038989', '065052', 'FISCIANO', 'VIA', 'GIACOMO BRODOLINI', 122, 'NON DISPONIBILE', NULL, NULL, NULL, NULL, NULL, NULL, '14.8090562524', '40.7743033039', 0, '', '', 0, '', 0, 0, 0, 'TERRA', 0, 0, '', 0, '', '', NULL, NULL, NULL),
('14.8090818054792', '40.774458313357', '065052', 'FISCIANO', 'VIA', 'GIACOMO BRODOLINI', 23, 'NON DISPONIBILE', NULL, NULL, NULL, NULL, NULL, NULL, '14.8090818055', '40.7744583134', 0, '', '', 0, '', 0, 0, 0, 'TERRA', 0, 0, '', 0, '', '', NULL, NULL, NULL),
('14.8091335943817', '40.7742828043397', '065052', 'FISCIANO', 'VIA', 'GIACOMO BRODOLINI', 124, 'NON DISPONIBILE', NULL, NULL, NULL, NULL, NULL, NULL, '14.8091335944', '40.7742828043', 0, '', '', 0, '', 0, 0, 0, 'TERRA', 0, 0, '', 0, '', '', NULL, NULL, NULL),
('14.8092519578479', '40.774241603916', '065052', 'FISCIANO', 'VIA', 'GIACOMO BRODOLINI', 126, 'NON DISPONIBILE', NULL, NULL, NULL, NULL, NULL, NULL, '14.8092519578', '40.7742416039', 0, '', '', 0, '', 0, 0, 0, 'TERRA', 0, 0, '', 0, '', '', NULL, NULL, NULL),
('14.8095806612875', '40.7742503894477', '065052', 'FISCIANO', 'VIA', 'GIACOMO BRODOLINI', 25, 'NON DISPONIBILE', NULL, NULL, NULL, NULL, NULL, NULL, '14.8095806613', '40.7742503894', 0, '', '', 0, '', 0, 0, 0, 'TERRA', 0, 0, '', 0, '', '', NULL, NULL, NULL),
('14.8100524474007', '40.7739809659494', '065052', 'FISCIANO', 'VIA', 'GIACOMO BRODOLINI', 128, 'NON DISPONIBILE', NULL, NULL, NULL, NULL, NULL, NULL, '14.8100524474', '40.7739809659', 0, '', '', 0, '', 0, 0, 0, 'TERRA', 0, 0, '', 0, '', '', NULL, NULL, NULL),
('14.8105083481788', '40.7546896557841', '065052', 'FISCIANO', 'VIA', 'SANT\' ANTONIO DA PAD', 1, 'NON DISPONIBILE', NULL, NULL, NULL, NULL, NULL, NULL, '14.8105083482', '40.7546896558', 0, '', '', 0, '', 0, 0, 0, 'TERRA', 0, 0, '', 0, '', '', NULL, NULL, NULL),
('14.8106112432479', '40.7588285287865', '065052', 'FISCIANO', 'VIA', 'DELLA PANORAMICA', 7, 'NON DISPONIBILE', NULL, NULL, NULL, NULL, NULL, NULL, '14.8106112432', '40.7588285288', 0, '', '', 0, '', 0, 0, 0, 'TERRA', 0, 0, '', 0, '', '', NULL, NULL, NULL),
('14.810833184519', '40.7546076333066', '065052', 'FISCIANO', 'VIA', 'SANT\' ANTONIO DA PAD', 3, 'NON DISPONIBILE', NULL, NULL, NULL, NULL, NULL, NULL, '14.8108331845', '40.7546076333', 0, '', '', 0, '', 0, 0, 0, 'TERRA', 0, 0, '', 0, '', '', NULL, NULL, NULL),
('14.8115316128786', '40.7591917473564', '065052', 'FISCIANO', 'VIA', 'DELLA PANORAMICA', 14, 'NON DISPONIBILE', NULL, NULL, NULL, NULL, NULL, NULL, '14.8115316129', '40.7591917474', 0, '', '', 0, '', 0, 0, 0, 'TERRA', 0, 0, '', 0, '', '', NULL, NULL, NULL),
('14.8120087827027', '40.7546047039306', '065052', 'FISCIANO', 'VIA', 'SANT\' ANTONIO DA PAD', 5, 'NON DISPONIBILE', NULL, NULL, NULL, NULL, NULL, NULL, '14.8120087827', '40.7546047039', 0, '', '', 0, '', 0, 0, 0, 'TERRA', 0, 0, '', 0, '', '', NULL, NULL, NULL),
('14.8124442483107', '40.758424299335', '065052', 'FISCIANO', 'VIA', 'DELLA PANORAMICA', 7, 'NON DISPONIBILE', NULL, NULL, NULL, NULL, NULL, NULL, '14.8124442483', '40.7584242993', 0, '', '', 0, '', 0, 0, 0, 'TERRA', 0, 0, '', 0, '', '', NULL, NULL, NULL),
('14.8127241960712', '40.7531458586112', '065052', 'FISCIANO', 'VIA', 'SUBIA', 73, 'NON DISPONIBILE', NULL, NULL, NULL, NULL, NULL, NULL, '14.8127241961', '40.7531458586', 0, '', '', 0, '', 0, 0, 0, 'TERRA', 0, 0, '', 0, '', '', NULL, NULL, NULL),
('14.8127589999648', '40.7531985885177', '065052', 'FISCIANO', 'VIA', 'SUBIA', 75, 'NON DISPONIBILE', NULL, NULL, NULL, NULL, NULL, NULL, '14.8127590000', '40.7531985885', 0, '', '', 0, '', 0, 0, 0, 'TERRA', 0, 0, '', 0, '', '', NULL, NULL, NULL),
('14.8127744683619', '40.7548537004356', '065052', 'FISCIANO', 'VIA', 'SANT\' ANTONIO DA PAD', 2, 'NON DISPONIBILE', NULL, NULL, NULL, NULL, NULL, NULL, '14.8127744684', '40.7548537004', 0, '', '', 0, '', 0, 0, 0, 'TERRA', 0, 0, '', 0, '', '', NULL, NULL, NULL),
('14.8127860696598', '40.7539748850788', '065052', 'FISCIANO', 'VIA', 'SUBIA', 121, 'NON DISPONIBILE', NULL, NULL, NULL, NULL, NULL, NULL, '14.8127860697', '40.7539748851', 0, '', '', 0, '', 0, 0, 0, 'TERRA', 0, 0, '', 0, '', '', NULL, NULL, NULL),
('14.8128208735534', '40.7531985885177', '065052', 'FISCIANO', 'VIA', 'SUBIA', 71, 'NON DISPONIBILE', NULL, NULL, NULL, NULL, NULL, NULL, '14.8128208736', '40.7531985885', 0, '', '', 0, '', 0, 0, 0, 'TERRA', 0, 0, '', 0, '', '', NULL, NULL, NULL),
('14.8128402090498', '40.7533011187717', '065052', 'FISCIANO', 'VIA', 'SUBIA', 77, 'NON DISPONIBILE', NULL, NULL, NULL, NULL, NULL, NULL, '14.8128402090', '40.7533011188', 0, '', '', 0, '', 0, 0, 0, 'TERRA', 0, 0, '', 0, '', '', NULL, NULL, NULL),
('14.8128672787448', '40.7533362719653', '065052', 'FISCIANO', 'VIA', 'SUBIA', 79, 'NON DISPONIBILE', NULL, NULL, NULL, NULL, NULL, NULL, '14.8128672787', '40.7533362720', 0, '', '', 0, '', 0, 0, 0, 'TERRA', 0, 0, '', 0, '', '', NULL, NULL, NULL),
('14.8128866142413', '40.7537434617767', '065052', 'FISCIANO', 'VIA', 'SUBIA', 107, 'NON DISPONIBILE', NULL, NULL, NULL, NULL, NULL, NULL, '14.8128866142', '40.7537434618', 0, '', '', 0, '', 0, 0, 0, 'TERRA', 0, 0, '', 0, '', '', NULL, NULL, NULL),
('14.8128943484398', '40.753845991183', '065052', 'FISCIANO', 'VIA', 'SUBIA', 119, 'NON DISPONIBILE', NULL, NULL, NULL, NULL, NULL, NULL, '14.8128943484', '40.7538459912', 0, '', '', 0, '', 0, 0, 0, 'TERRA', 0, 0, '', 0, '', '', NULL, NULL, NULL),
('14.8128982155391', '40.7540656965371', '065052', 'FISCIANO', 'VIA', 'SUBIA', 60, 'NON DISPONIBILE', NULL, NULL, NULL, NULL, NULL, NULL, '14.8128982155', '40.7540656965', 0, '', '', 0, '', 0, 0, 0, 'TERRA', 0, 0, '', 0, '', '', NULL, NULL, NULL),
('14.8129059497377', '40.753312836505', '065052', 'FISCIANO', 'VIA', 'SUBIA', 69, 'NON DISPONIBILE', NULL, NULL, NULL, NULL, NULL, NULL, '14.8129059497', '40.7533128365', 0, '', '', 0, '', 0, 0, 0, 'TERRA', 0, 0, '', 0, '', '', NULL, NULL, NULL),
('14.812909816837', '40.7535706261139', '065052', 'FISCIANO', 'VIA', 'SUBIA', 103, 'NON DISPONIBILE', NULL, NULL, NULL, NULL, NULL, NULL, '14.8129098168', '40.7535706261', 0, '', '', 0, '', 0, 0, 0, 'TERRA', 0, 0, '', 0, '', '', NULL, NULL, NULL),
('14.8129175510356', '40.7534182960112', '065052', 'FISCIANO', 'VIA', 'SUBIA', 81, 'NON DISPONIBILE', NULL, NULL, NULL, NULL, NULL, NULL, '14.8129175510', '40.7534182960', 0, '', '', 0, '', 0, 0, 0, 'TERRA', 0, 0, '', 0, '', '', NULL, NULL, NULL),
('14.8129175510356', '40.753664367542', '065052', 'FISCIANO', 'VIA', 'SUBIA', 105, 'NON DISPONIBILE', NULL, NULL, NULL, NULL, NULL, NULL, '14.8129175510', '40.7536643675', 0, '', '', 0, '', 0, 0, 0, 'TERRA', 0, 0, '', 0, '', '', NULL, NULL, NULL),
('14.8129175510356', '40.753714167622', '065052', 'FISCIANO', 'VIA', 'SUBIA', 109, 'NON DISPONIBILE', NULL, NULL, NULL, NULL, NULL, NULL, '14.8129175510', '40.7537141676', 0, '', '', 0, '', 0, 0, 0, 'TERRA', 0, 0, '', 0, '', '', NULL, NULL, NULL),
('14.8129214181349', '40.7533626368482', '065052', 'FISCIANO', 'VIA', 'SUBIA', 67, 'NON DISPONIBILE', NULL, NULL, NULL, NULL, NULL, NULL, '14.8129214181', '40.7533626368', 0, '', '', 0, '', 0, 0, 0, 'TERRA', 0, 0, '', 0, '', '', NULL, NULL, NULL),
('14.8129407536313', '40.75381376767', '065052', 'FISCIANO', 'VIA', 'SUBIA', 117, 'NON DISPONIBILE', NULL, NULL, NULL, NULL, NULL, NULL, '14.8129407536', '40.7538137677', 0, '', '', 0, '', 0, 0, 0, 'TERRA', 0, 0, '', 0, '', '', NULL, NULL, NULL),
('14.8129600891278', '40.7534446608617', '065052', 'FISCIANO', 'VIA', 'SUBIA', 83, 'NON DISPONIBILE', NULL, NULL, NULL, NULL, NULL, NULL, '14.8129600891', '40.7534446609', 0, '', '', 0, '', 0, 0, 0, 'TERRA', 0, 0, '', 0, '', '', NULL, NULL, NULL),
('14.8129600891278', '40.7535545142965', '065052', 'FISCIANO', 'VIA', 'SUBIA', 101, 'NON DISPONIBILE', NULL, NULL, NULL, NULL, NULL, NULL, '14.8129600891', '40.7535545143', 0, '', '', 0, '', 0, 0, 0, 'TERRA', 0, 0, '', 0, '', '', NULL, NULL, NULL),
('14.812963956227', '40.7533860722909', '065052', 'FISCIANO', 'VIA', 'SUBIA', 65, 'NON DISPONIBILE', NULL, NULL, NULL, NULL, NULL, NULL, '14.8129639562', '40.7533860723', 0, '', '', 0, '', 0, 0, 0, 'TERRA', 0, 0, '', 0, '', '', NULL, NULL, NULL),
('14.8129716904256', '40.7536878028784', '065052', 'FISCIANO', 'VIA', 'SUBIA', 111, 'NON DISPONIBILE', NULL, NULL, NULL, NULL, NULL, NULL, '14.8129716904', '40.7536878029', 0, '', '', 0, '', 0, 0, 0, 'TERRA', 0, 0, '', 0, '', '', NULL, NULL, NULL),
('14.8129871588228', '40.7538547794111', '065052', 'FISCIANO', 'VIA', 'SUBIA', 58, 'NON DISPONIBILE', NULL, NULL, NULL, NULL, NULL, NULL, '14.8129871588', '40.7538547794', 0, '', '', 0, '', 0, 0, 0, 'TERRA', 0, 0, '', 0, '', '', NULL, NULL, NULL),
('14.8129948930214', '40.7533831428611', '065052', 'FISCIANO', 'VIA', 'SUBIA', 63, 'NON DISPONIBILE', NULL, NULL, NULL, NULL, NULL, NULL, '14.8129948930', '40.7533831429', 0, '', '', 0, '', 0, 0, 0, 'TERRA', 0, 0, '', 0, '', '', NULL, NULL, NULL),
('14.8130026272199', '40.7536555792888', '065052', 'FISCIANO', 'VIA', 'SUBIA', 113, 'NON DISPONIBILE', NULL, NULL, NULL, NULL, NULL, NULL, '14.8130026272', '40.7536555793', 0, '', '', 0, '', 0, 0, 0, 'TERRA', 0, 0, '', 0, '', '', NULL, NULL, NULL),
('14.8130316304646', '40.7535779496673', '065052', 'FISCIANO', 'VIA', 'SUBIA', 99, 'NON DISPONIBILE', NULL, NULL, NULL, NULL, NULL, NULL, '14.8130316305', '40.7535779497', 0, '', '', 0, '', 0, 0, 0, 'TERRA', 0, 0, '', 0, '', '', NULL, NULL, NULL),
('14.8130335640142', '40.7533304131009', '065052', 'FISCIANO', 'VIA', 'SUBIA', 61, 'NON DISPONIBILE', NULL, NULL, NULL, NULL, NULL, NULL, '14.8130335640', '40.7533304131', 0, '', '', 0, '', 0, 0, 0, 'TERRA', 0, 0, '', 0, '', '', NULL, NULL, NULL),
('14.8130335640142', '40.7534475902888', '065052', 'FISCIANO', 'VIA', 'SUBIA', 85, 'NON DISPONIBILE', NULL, NULL, NULL, NULL, NULL, NULL, '14.8130335640', '40.7534475903', 0, '', '', 0, '', 0, 0, 0, 'TERRA', 0, 0, '', 0, '', '', NULL, NULL, NULL),
('14.8130335640142', '40.7536995205435', '065052', 'FISCIANO', 'VIA', 'SUBIA', 115, 'NON DISPONIBILE', NULL, NULL, NULL, NULL, NULL, NULL, '14.8130335640', '40.7536995205', 0, '', '', 0, '', 0, 0, 0, 'TERRA', 0, 0, '', 0, '', '', NULL, NULL, NULL),
('14.8130470988618', '40.7535530495814', '065052', 'FISCIANO', 'VIA', 'SUBIA', 97, 'NON DISPONIBILE', NULL, NULL, NULL, NULL, NULL, NULL, '14.8130470989', '40.7535530496', 0, '', '', 0, '', 0, 0, 0, 'TERRA', 0, 0, '', 0, '', '', NULL, NULL, NULL),
('14.8130722350071', '40.7533919311503', '065052', 'FISCIANO', 'VIA', 'SUBIA', 59, 'NON DISPONIBILE', NULL, NULL, NULL, NULL, NULL, NULL, '14.8130722350', '40.7533919312', 0, '', '', 0, '', 0, 0, 0, 'TERRA', 0, 0, '', 0, '', '', NULL, NULL, NULL),
('14.8130857698546', '40.7535442613095', '065052', 'FISCIANO', 'VIA', 'SUBIA', 95, 'NON DISPONIBILE', NULL, NULL, NULL, NULL, NULL, NULL, '14.8130857699', '40.7535442613', 0, '', '', 0, '', 0, 0, 0, 'TERRA', 0, 0, '', 0, '', '', NULL, NULL, NULL),
('14.8130915705036', '40.7534036488676', '065052', 'FISCIANO', 'VIA', 'SUBIA', 57, 'NON DISPONIBILE', NULL, NULL, NULL, NULL, NULL, NULL, '14.8130915705', '40.7534036489', 0, '', '', 0, '', 0, 0, 0, 'TERRA', 0, 0, '', 0, '', '', NULL, NULL, NULL),
('14.8130915705036', '40.7535999203244', '065052', 'FISCIANO', 'VIA', 'SUBIA', 91, 'NON DISPONIBILE', NULL, NULL, NULL, NULL, NULL, NULL, '14.8130915705', '40.7535999203', 0, '', '', 0, '', 0, 0, 0, 'TERRA', 0, 0, '', 0, '', '', NULL, NULL, NULL),
('14.8130954376029', '40.7534534491428', '065052', 'FISCIANO', 'VIA', 'SUBIA', 87, 'NON DISPONIBILE', NULL, NULL, NULL, NULL, NULL, NULL, '14.8130954376', '40.7534534491', 0, '', '', 0, '', 0, 0, 0, 'TERRA', 0, 0, '', 0, '', '', NULL, NULL, NULL),
('14.8130954376029', '40.7537346735264', '065052', 'FISCIANO', 'VIA', 'SUBIA', 56, 'NON DISPONIBILE', NULL, NULL, NULL, NULL, NULL, NULL, '14.8130954376', '40.7537346735', 0, '', '', 0, '', 0, 0, 0, 'TERRA', 0, 0, '', 0, '', '', NULL, NULL, NULL),
('14.8131012382518', '40.7535603731371', '065052', 'FISCIANO', 'VIA', 'SUBIA', 93, 'NON DISPONIBILE', NULL, NULL, NULL, NULL, NULL, NULL, '14.8131012383', '40.7535603731', 0, '', '', 0, '', 0, 0, 0, 'TERRA', 0, 0, '', 0, '', '', NULL, NULL, NULL),
('14.8131263743972', '40.7534124371542', '065052', 'FISCIANO', 'VIA', 'SUBIA', 55, 'NON DISPONIBILE', NULL, NULL, NULL, NULL, NULL, NULL, '14.8131263744', '40.7534124372', 0, '', '', 0, '', 0, 0, 0, 'TERRA', 0, 0, '', 0, '', '', NULL, NULL, NULL),
('14.8131495769929', '40.7535178965025', '065052', 'FISCIANO', 'VIA', 'SUBIA', 89, 'NON DISPONIBILE', NULL, NULL, NULL, NULL, NULL, NULL, '14.8131495770', '40.7535178965', 0, '', '', 0, '', 0, 0, 0, 'TERRA', 0, 0, '', 0, '', '', NULL, NULL, NULL),
('14.8131573111915', '40.7534563785696', '065052', 'FISCIANO', 'VIA', 'SUBIA', 53, 'NON DISPONIBILE', NULL, NULL, NULL, NULL, NULL, NULL, '14.8131573112', '40.7534563786', 0, '', '', 0, '', 0, 0, 0, 'TERRA', 0, 0, '', 0, '', '', NULL, NULL, NULL),
('14.8131766466879', '40.7535032493808', '065052', 'FISCIANO', 'VIA', 'SUBIA', 51, 'NON DISPONIBILE', NULL, NULL, NULL, NULL, NULL, NULL, '14.8131766467', '40.7535032494', 0, '', '', 0, '', 0, 0, 0, 'TERRA', 0, 0, '', 0, '', '', NULL, NULL, NULL),
('14.8131959821844', '40.7535969909039', '065052', 'FISCIANO', 'VIA', 'SUBIA', 54, 'NON DISPONIBILE', NULL, NULL, NULL, NULL, NULL, NULL, '14.8131959822', '40.7535969909', 0, '', '', 0, '', 0, 0, 0, 'TERRA', 0, 0, '', 0, '', '', NULL, NULL, NULL),
('14.8133158622623', '40.7534798139793', '065052', 'FISCIANO', 'VIA', 'SUBIA', 49, 'NON DISPONIBILE', NULL, NULL, NULL, NULL, NULL, NULL, '14.8133158623', '40.7534798140', 0, '', '', 0, '', 0, 0, 0, 'TERRA', 0, 0, '', 0, '', '', NULL, NULL, NULL),
('14.8133197293616', '40.7535061788054', '065052', 'FISCIANO', 'VIA', 'SUBIA', 52, 'NON DISPONIBILE', NULL, NULL, NULL, NULL, NULL, NULL, '14.8133197294', '40.7535061788', 0, '', '', 0, '', 0, 0, 0, 'TERRA', 0, 0, '', 0, '', '', NULL, NULL, NULL),
('14.8133584003545', '40.7534915316839', '065052', 'FISCIANO', 'VIA', 'SUBIA', 50, 'NON DISPONIBILE', NULL, NULL, NULL, NULL, NULL, NULL, '14.8133584004', '40.7534915317', 0, '', '', 0, '', 0, 0, 0, 'TERRA', 0, 0, '', 0, '', '', NULL, NULL, NULL),
('14.8133893371488', '40.7534886022558', '065052', 'FISCIANO', 'VIA', 'SUBIA', 48, 'NON DISPONIBILE', NULL, NULL, NULL, NULL, NULL, NULL, '14.8133893371', '40.7534886023', 0, '', '', 0, '', 0, 0, 0, 'TERRA', 0, 0, '', 0, '', '', NULL, NULL, NULL),
('14.8134280081417', '40.7534856728302', '065052', 'FISCIANO', 'VIA', 'SUBIA', 46, 'NON DISPONIBILE', NULL, NULL, NULL, NULL, NULL, NULL, '14.8134280081', '40.7534856728', 0, '', '', 0, '', 0, 0, 0, 'TERRA', 0, 0, '', 0, '', '', NULL, NULL, NULL),
('14.8134357423403', '40.7534417314344', '065052', 'FISCIANO', 'VIA', 'SUBIA', 47, 'NON DISPONIBILE', NULL, NULL, NULL, NULL, NULL, NULL, '14.8134357423', '40.7534417314', 0, '', '', 0, '', 0, 0, 0, 'TERRA', 0, 0, '', 0, '', '', NULL, NULL, NULL),
('14.8134744133331', '40.7534329431516', '065052', 'FISCIANO', 'VIA', 'SUBIA', 45, 'NON DISPONIBILE', NULL, NULL, NULL, NULL, NULL, NULL, '14.8134744133', '40.7534329432', 0, '', '', 0, '', 0, 0, 0, 'TERRA', 0, 0, '', 0, '', '', NULL, NULL, NULL),
('14.8134782804324', '40.7552989624491', '065052', 'FISCIANO', 'VIA', 'SANT\' ANTONIO DA PAD', 11, 'NON DISPONIBILE', NULL, NULL, NULL, NULL, NULL, NULL, '14.8134782804', '40.7552989624', 0, '', '', 0, '', 0, 0, 0, 'TERRA', 0, 0, '', 0, '', '', NULL, NULL, NULL),
('14.8134898817303', '40.7534827434049', '065052', 'FISCIANO', 'VIA', 'SUBIA', 44, 'NON DISPONIBILE', NULL, NULL, NULL, NULL, NULL, NULL, '14.8134898817', '40.7534827434', 0, '', '', 0, '', 0, 0, 0, 'TERRA', 0, 0, '', 0, '', '', NULL, NULL, NULL),
('14.8135478882196', '40.7534856728304', '065052', 'FISCIANO', 'VIA', 'SUBIA', 42, 'NON DISPONIBILE', NULL, NULL, NULL, NULL, NULL, NULL, '14.8135478882', '40.7534856728', 0, '', '', 0, '', 0, 0, 0, 'TERRA', 0, 0, '', 0, '', '', NULL, NULL, NULL),
('14.8135826921132', '40.7534182960112', '065052', 'FISCIANO', 'VIA', 'SUBIA', 43, 'NON DISPONIBILE', NULL, NULL, NULL, NULL, NULL, NULL, '14.8135826921', '40.7534182960', 0, '', '', 0, '', 0, 0, 0, 'TERRA', 0, 0, '', 0, '', '', NULL, NULL, NULL),
('14.8136561669997', '40.7534446608617', '065052', 'FISCIANO', 'VIA', 'SUBIA', 41, 'NON DISPONIBILE', NULL, NULL, NULL, NULL, NULL, NULL, '14.8136561670', '40.7534446609', 0, '', '', 0, '', 0, 0, 0, 'TERRA', 0, 0, '', 0, '', '', NULL, NULL, NULL),
('14.8136677682976', '40.7535442613134', '065052', 'FISCIANO', 'VIA', 'SUBIA', 40, 'NON DISPONIBILE', NULL, NULL, NULL, NULL, NULL, NULL, '14.8136677683', '40.7535442613', 0, '', '', 0, '', 0, 0, 0, 'TERRA', 0, 0, '', 0, '', '', NULL, NULL, NULL),
('14.8136948379926', '40.7548654178952', '065052', 'FISCIANO', 'VIA', 'SANT\' ANTONIO DA PAD', 4, 'NON DISPONIBILE', NULL, NULL, NULL, NULL, NULL, NULL, '14.8136948380', '40.7548654179', 0, '', '', 0, '', 0, 0, 0, 'TERRA', 0, 0, '', 0, '', '', NULL, NULL, NULL),
('14.8137103063897', '40.7534680962755', '065052', 'FISCIANO', 'VIA', 'SUBIA', 39, 'NON DISPONIBILE', NULL, NULL, NULL, NULL, NULL, NULL, '14.8137103064', '40.7534680963', 0, '', '', 0, '', 0, 0, 0, 'TERRA', 0, 0, '', 0, '', '', NULL, NULL, NULL),
('14.8137876483755', '40.7535471907362', '065052', 'FISCIANO', 'VIA', 'SUBIA', 37, 'NON DISPONIBILE', NULL, NULL, NULL, NULL, NULL, NULL, '14.8137876484', '40.7535471907', 0, '', '', 0, '', 0, 0, 0, 'TERRA', 0, 0, '', 0, '', '', NULL, NULL, NULL),
('14.8138147180705', '40.7535676966921', '065052', 'FISCIANO', 'VIA', 'SUBIA', 35, 'NON DISPONIBILE', NULL, NULL, NULL, NULL, NULL, NULL, '14.8138147181', '40.7535676967', 0, '', '', 0, '', 0, 0, 0, 'TERRA', 0, 0, '', 0, '', '', NULL, NULL, NULL),
('14.8138379206663', '40.7535647672702', '065052', 'FISCIANO', 'VIA', 'SUBIA', 33, 'NON DISPONIBILE', NULL, NULL, NULL, NULL, NULL, NULL, '14.8138379207', '40.7535647673', 0, '', '', 0, '', 0, 0, 0, 'TERRA', 0, 0, '', 0, '', '', NULL, NULL, NULL),
('14.813861123262', '40.7536116380049', '065052', 'FISCIANO', 'VIA', 'SUBIA', 38, 'NON DISPONIBILE', NULL, NULL, NULL, NULL, NULL, NULL, '14.8138611233', '40.7536116380', 0, '', '', 0, '', 0, 0, 0, 'TERRA', 0, 0, '', 0, '', '', NULL, NULL, NULL),
('14.8139191297513', '40.753620426264', '065052', 'FISCIANO', 'VIA', 'SUBIA', 36, 'NON DISPONIBILE', NULL, NULL, NULL, NULL, NULL, NULL, '14.8139191298', '40.7536204263', 0, '', '', 0, '', 0, 0, 0, 'TERRA', 0, 0, '', 0, '', '', NULL, NULL, NULL),
('14.8140003388364', '40.753620426264', '065052', 'FISCIANO', 'VIA', 'SUBIA', 34, 'NON DISPONIBILE', NULL, NULL, NULL, NULL, NULL, NULL, '14.8140003388', '40.7536204263', 0, '', '', 0, '', 0, 0, 0, 'TERRA', 0, 0, '', 0, '', '', NULL, NULL, NULL),
('14.8140544782264', '40.7536233556835', '065052', 'FISCIANO', 'VIA', 'SUBIA', 32, 'NON DISPONIBILE', NULL, NULL, NULL, NULL, NULL, NULL, '14.8140544782', '40.7536233557', 0, '', '', 0, '', 0, 0, 0, 'TERRA', 0, 0, '', 0, '', '', NULL, NULL, NULL),
('14.814116351815', '40.7536057791649', '065052', 'FISCIANO', 'VIA', 'SUBIA', 30, 'NON DISPONIBILE', NULL, NULL, NULL, NULL, NULL, NULL, '14.8141163518', '40.7536057792', 0, '', '', 0, '', 0, 0, 0, 'TERRA', 0, 0, '', 0, '', '', NULL, NULL, NULL),
('14.8141550228079', '40.7535589084261', '065052', 'FISCIANO', 'VIA', 'SUBIA', 31, 'NON DISPONIBILE', NULL, NULL, NULL, NULL, NULL, NULL, '14.8141550228', '40.7535589084', 0, '', '', 0, '', 0, 0, 0, 'TERRA', 0, 0, '', 0, '', '', NULL, NULL, NULL),
('14.8141782254037', '40.753608708585', '065052', 'FISCIANO', 'VIA', 'SUBIA', 28, 'NON DISPONIBILE', NULL, NULL, NULL, NULL, NULL, NULL, '14.8141782254', '40.7536087086', 0, '', '', 0, '', 0, 0, 0, 'TERRA', 0, 0, '', 0, '', '', NULL, NULL, NULL),
('14.8141898267015', '40.7535589084261', '065052', 'FISCIANO', 'VIA', 'SUBIA', 29, 'NON DISPONIBILE', NULL, NULL, NULL, NULL, NULL, NULL, '14.8141898267', '40.7535589084', 0, '', '', 0, '', 0, 0, 0, 'TERRA', 0, 0, '', 0, '', '', NULL, NULL, NULL),
('14.8142478331908', '40.7536057791649', '065052', 'FISCIANO', 'VIA', 'SUBIA', 26, 'NON DISPONIBILE', NULL, NULL, NULL, NULL, NULL, NULL, '14.8142478332', '40.7536057792', 0, '', '', 0, '', 0, 0, 0, 'TERRA', 0, 0, '', 0, '', '', NULL, NULL, NULL),
('14.8144411881553', '40.7535706261139', '065052', 'FISCIANO', 'VIA', 'SUBIA', 27, 'NON DISPONIBILE', NULL, NULL, NULL, NULL, NULL, NULL, '14.8144411882', '40.7535706261', 0, '', '', 0, '', 0, 0, 0, 'TERRA', 0, 0, '', 0, '', '', NULL, NULL, NULL),
('14.8144759920489', '40.7536438616159', '065052', 'FISCIANO', 'VIA', 'SUBIA', 24, 'NON DISPONIBILE', NULL, NULL, NULL, NULL, NULL, NULL, '14.8144759920', '40.7536438616', 0, '', '', 0, '', 0, 0, 0, 'TERRA', 0, 0, '', 0, '', '', NULL, NULL, NULL);
INSERT INTO `rilievo` (`LONGITUDINE`, `LATITUDINE`, `CODISTAT`, `NOMECOMUNE`, `DUG`, `DENOMINAZIONE`, `CIVICO`, `ESPONENTE`, `PATHFOTOCIVICO`, `PATHFOTOABITAZIONE`, `DATA`, `STATO`, `CF_USER`, `CF_SUPERUSER`, `LONGITUDINE_ARR`, `LATITUDINE_ARR`, `ANNO_DI_COSTRUZIONE`, `CLASSE_ENERGETICA`, `DESCRIZIONE`, `GIARDINO`, `METRI_QUADRATI`, `N_BAGNI`, `N_LIVELLI`, `N_VANI`, `PIANO`, `POSTO_AUTO`, `PREZZO`, `TIPOLOGIA`, `ARREDAMENTO`, `PROPRIETARIO`, `VENDITORE`, `ACQUIRENTE`, `LOCATORE`, `LOCATARIO`) VALUES
('14.8145223972403', '40.7535882026417', '065052', 'FISCIANO', 'VIA', 'SUBIA', 25, 'NON DISPONIBILE', NULL, NULL, NULL, NULL, NULL, NULL, '14.8145223972', '40.7535882026', 0, '', '', 0, '', 0, 0, 0, 'TERRA', 0, 0, '', 0, '', '', NULL, NULL, NULL),
('14.8145649353325', '40.753664367542', '065052', 'FISCIANO', 'VIA', 'SUBIA', 22, 'NON DISPONIBILE', NULL, NULL, NULL, NULL, NULL, NULL, '14.8145649353', '40.7536643675', 0, '', '', 0, '', 0, 0, 0, 'TERRA', 0, 0, '', 0, '', '', NULL, NULL, NULL),
('14.8146616128147', '40.7536907322949', '065052', 'FISCIANO', 'VIA', 'SUBIA', 20, 'NON DISPONIBILE', NULL, NULL, NULL, NULL, NULL, NULL, '14.8146616128', '40.7536907323', 0, '', '', 0, '', 0, 0, 0, 'TERRA', 0, 0, '', 0, '', '', NULL, NULL, NULL),
('14.8147103684938', '40.7567487713407', '065052', 'FISCIANO', 'VIA', 'DELLA PANORAMICA', 5, 'NON DISPONIBILE', NULL, NULL, NULL, NULL, NULL, NULL, '14.8147103685', '40.7567487713', 0, '', '', 0, '', 0, 0, 0, 'TERRA', 0, 0, '', 0, '', '', NULL, NULL, NULL),
('14.8147234864033', '40.7536350733599', '065052', 'FISCIANO', 'VIA', 'SUBIA', 23, 'NON DISPONIBILE', NULL, NULL, NULL, NULL, NULL, NULL, '14.8147234864', '40.7536350734', 0, '', '', 0, '', 0, 0, 0, 'TERRA', 0, 0, '', 0, '', '', NULL, NULL, NULL),
('14.8147389548005', '40.7553751253896', '065052', 'FISCIANO', 'VIA', 'SANT\' ANTONIO DA PAD', 13, 'NON DISPONIBILE', NULL, NULL, NULL, NULL, NULL, NULL, '14.8147389548', '40.7553751254', 0, '', '', 0, '', 0, 0, 0, 'TERRA', 0, 0, '', 0, '', '', NULL, NULL, NULL),
('14.8147814928927', '40.7536526498707', '065052', 'FISCIANO', 'VIA', 'SUBIA', 21, 'NON DISPONIBILE', NULL, NULL, NULL, NULL, NULL, NULL, '14.8147814929', '40.7536526499', 0, '', '', 0, '', 0, 0, 0, 'TERRA', 0, 0, '', 0, '', '', NULL, NULL, NULL),
('14.8149037234582', '40.7565905899428', '065052', 'FISCIANO', 'VIA', 'DELLA PANORAMICA', 8, 'NON DISPONIBILE', NULL, NULL, NULL, NULL, NULL, NULL, '14.8149037235', '40.7565905899', 0, '', '', 0, '', 0, 0, 0, 'TERRA', 0, 0, '', 0, '', '', NULL, NULL, NULL),
('14.8149191918553', '40.7563152362413', '065052', 'FISCIANO', 'VIA', 'DELLA PANORAMICA', 3, 'NON DISPONIBILE', NULL, NULL, NULL, NULL, NULL, NULL, '14.8149191919', '40.7563152362', 0, '', '', 0, '', 0, 0, 0, 'TERRA', 0, 0, '', 0, '', '', NULL, NULL, NULL),
('14.8149501286497', '40.7565320041444', '065052', 'FISCIANO', 'VIA', 'DELLA PANORAMICA', 6, 'NON DISPONIBILE', NULL, NULL, NULL, NULL, NULL, NULL, '14.8149501286', '40.7565320041', 0, '', '', 0, '', 0, 0, 0, 'TERRA', 0, 0, '', 0, '', '', NULL, NULL, NULL),
('14.8149733312454', '40.7570592744715', '065052', 'FISCIANO', 'VIA', 'DELLA PANORAMICA', 12, 'NON DISPONIBILE', NULL, NULL, NULL, NULL, NULL, NULL, '14.8149733312', '40.7570592745', 0, '', '', 0, '', 0, 0, 0, 'TERRA', 0, 0, '', 0, '', '', NULL, NULL, NULL),
('14.8149787149564', '40.7552227994214', '065052', 'FISCIANO', 'VIA', 'SANT\' ANTONIO DA PAD', 6, 'NON DISPONIBILE', NULL, NULL, NULL, NULL, NULL, NULL, '14.8149787150', '40.7552227994', 0, '', '', 0, '', 0, 0, 0, 'TERRA', 0, 0, '', 0, '', '', NULL, NULL, NULL),
('14.8150096517507', '40.7537053793753', '065052', 'FISCIANO', 'VIA', 'SUBIA', 19, 'NON DISPONIBILE', NULL, NULL, NULL, NULL, NULL, NULL, '14.8150096518', '40.7537053794', 0, '', '', 0, '', 0, 0, 0, 'TERRA', 0, 0, '', 0, '', '', NULL, NULL, NULL),
('14.8151976230041', '40.7560340227733', '065052', 'FISCIANO', 'VIA', 'DELLA PANORAMICA', 4, 'NON DISPONIBILE', NULL, NULL, NULL, NULL, NULL, NULL, '14.8151976230', '40.7560340228', 0, '', '', 0, '', 0, 0, 0, 'TERRA', 0, 0, '', 0, '', '', NULL, NULL, NULL),
('14.815236293997', '40.7557410908125', '065052', 'FISCIANO', 'VIA', 'DELLA PANORAMICA', 1, 'NON DISPONIBILE', NULL, NULL, NULL, NULL, NULL, NULL, '14.8152362940', '40.7557410908', 0, '', '', 0, '', 0, 0, 0, 'TERRA', 0, 0, '', 0, '', '', NULL, NULL, NULL),
('14.815241677708', '40.7537376029408', '065052', 'FISCIANO', 'VIA', 'SUBIA', 17, 'NON DISPONIBILE', NULL, NULL, NULL, NULL, NULL, NULL, '14.8152416777', '40.7537376029', 0, '', '', 0, '', 0, 0, 0, 'TERRA', 0, 0, '', 0, '', '', NULL, NULL, NULL),
('14.8153445727771', '40.7569010938125', '065052', 'FISCIANO', 'VIA', 'DELLA PANORAMICA', 10, 'NON DISPONIBILE', NULL, NULL, NULL, NULL, NULL, NULL, '14.8153445728', '40.7569010938', 0, '', '', 0, '', 0, 0, 0, 'TERRA', 0, 0, '', 0, '', '', NULL, NULL, NULL),
('14.8154683199543', '40.7556004830128', '065052', 'FISCIANO', 'VIA', 'DELLA PANORAMICA', 2, 'NON DISPONIBILE', NULL, NULL, NULL, NULL, NULL, NULL, '14.8154683200', '40.7556004830', 0, '', '', 0, '', 0, 0, 0, 'TERRA', 0, 0, '', 0, '', '', NULL, NULL, NULL),
('14.8156399889347', '40.7538372029586', '065052', 'FISCIANO', 'VIA', 'SUBIA', 14, 'NON DISPONIBILE', NULL, NULL, NULL, NULL, NULL, NULL, '14.8156399889', '40.7538372030', 0, '', '', 0, '', 0, 0, 0, 'TERRA', 0, 0, '', 0, '', '', NULL, NULL, NULL),
('14.8156863941262', '40.7537024499595', '065052', 'FISCIANO', 'VIA', 'SUBIA', 15, 'NON DISPONIBILE', NULL, NULL, NULL, NULL, NULL, NULL, '14.8156863941', '40.7537024500', 0, '', '', 0, '', 0, 0, 0, 'TERRA', 0, 0, '', 0, '', '', NULL, NULL, NULL),
('14.8157946729063', '40.753708308791', '065052', 'FISCIANO', 'VIA', 'SUBIA', 13, 'NON DISPONIBILE', NULL, NULL, NULL, NULL, NULL, NULL, '14.8157946729', '40.7537083088', 0, '', '', 0, '', 0, 0, 0, 'TERRA', 0, 0, '', 0, '', '', NULL, NULL, NULL),
('14.815844945197', '40.7537200264524', '065052', 'FISCIANO', 'VIA', 'SUBIA', 11, 'NON DISPONIBILE', NULL, NULL, NULL, NULL, NULL, NULL, '14.8158449452', '40.7537200265', 0, '', '', 0, '', 0, 0, 0, 'TERRA', 0, 0, '', 0, '', '', NULL, NULL, NULL),
('14.8158952174878', '40.7537317441119', '065052', 'FISCIANO', 'VIA', 'SUBIA', 9, 'NON DISPONIBILE', NULL, NULL, NULL, NULL, NULL, NULL, '14.8158952175', '40.7537317441', 0, '', '', 0, '', 0, 0, 0, 'TERRA', 0, 0, '', 0, '', '', NULL, NULL, NULL),
('14.8159880278707', '40.753758108838', '065052', 'FISCIANO', 'VIA', 'SUBIA', 7, 'NON DISPONIBILE', NULL, NULL, NULL, NULL, NULL, NULL, '14.8159880279', '40.7537581088', 0, '', '', 0, '', 0, 0, 0, 'TERRA', 0, 0, '', 0, '', '', NULL, NULL, NULL),
('14.8160344330622', '40.7537698264907', '065052', 'FISCIANO', 'VIA', 'SUBIA', 5, 'NON DISPONIBILE', NULL, NULL, NULL, NULL, NULL, NULL, '14.8160344331', '40.7537698265', 0, '', '', 0, '', 0, 0, 0, 'TERRA', 0, 0, '', 0, '', '', NULL, NULL, NULL),
('14.8161001737501', '40.7537991206134', '065052', 'FISCIANO', 'VIA', 'SUBIA', 3, 'NON DISPONIBILE', NULL, NULL, NULL, NULL, NULL, NULL, '14.8161001738', '40.7537991206', 0, '', '', 0, '', 0, 0, 0, 'TERRA', 0, 0, '', 0, '', '', NULL, NULL, NULL),
('14.8161349776437', '40.753802050025', '065052', 'FISCIANO', 'VIA', 'SUBIA', 1, 'NON DISPONIBILE', NULL, NULL, NULL, NULL, NULL, NULL, '14.8161349776', '40.7538020500', 0, '', '', 0, '', 0, 0, 0, 'TERRA', 0, 0, '', 0, '', '', NULL, NULL, NULL),
('14.8162393893245', '40.7539192263817', '065052', 'FISCIANO', 'VIA', 'SUBIA', 12, 'NON DISPONIBILE', NULL, NULL, NULL, NULL, NULL, NULL, '14.8162393893', '40.7539192264', 0, '', '', 0, '', 0, 0, 0, 'TERRA', 0, 0, '', 0, '', '', NULL, NULL, NULL),
('14.8164018074946', '40.7552696689872', '065052', 'FISCIANO', 'VIA', 'SANT\' ANTONIO DA PAD', 15, 'NON DISPONIBILE', NULL, NULL, NULL, NULL, NULL, NULL, '14.8164018075', '40.7552696690', 0, '', '', 0, '', 0, 0, 0, 'TERRA', 0, 0, '', 0, '', '', NULL, NULL, NULL),
('14.8164714152818', '40.7540217555244', '065052', 'FISCIANO', 'VIA', 'SUBIA', 10, 'NON DISPONIBILE', NULL, NULL, NULL, NULL, NULL, NULL, '14.8164714153', '40.7540217555', 0, '', '', 0, '', 0, 0, 0, 'TERRA', 0, 0, '', 0, '', '', NULL, NULL, NULL),
('14.8165023520761', '40.7540510495361', '065052', 'FISCIANO', 'VIA', 'SUBIA', 8, 'NON DISPONIBILE', NULL, NULL, NULL, NULL, NULL, NULL, '14.8165023521', '40.7540510495', 0, '', '', 0, '', 0, 0, 0, 'TERRA', 0, 0, '', 0, '', '', NULL, NULL, NULL),
('14.8165448901683', '40.7540744847362', '065052', 'FISCIANO', 'VIA', 'SUBIA', 6, 'NON DISPONIBILE', NULL, NULL, NULL, NULL, NULL, NULL, '14.8165448902', '40.7540744847', 0, '', '', 0, '', 0, 0, 0, 'TERRA', 0, 0, '', 0, '', '', NULL, NULL, NULL),
('14.8165758269626', '40.754097919928', '065052', 'FISCIANO', 'VIA', 'SUBIA', 4, 'NON DISPONIBILE', NULL, NULL, NULL, NULL, NULL, NULL, '14.8165758270', '40.7540979199', 0, '', '', 0, '', 0, 0, 0, 'TERRA', 0, 0, '', 0, '', '', NULL, NULL, NULL),
('14.8166067637569', '40.7541125669187', '065052', 'FISCIANO', 'VIA', 'SUBIA', 2, 'NON DISPONIBILE', NULL, NULL, NULL, NULL, NULL, NULL, '14.8166067638', '40.7541125669', 0, '', '', 0, '', 0, 0, 0, 'TERRA', 0, 0, '', 0, '', '', NULL, NULL, NULL),
('14.816796251622', '40.7542209545497', '065052', 'FISCIANO', 'VIA', 'ROCCHI', 2, 'NON DISPONIBILE', NULL, NULL, NULL, NULL, NULL, NULL, '14.8167962516', '40.7542209545', 0, '', '', 0, '', 0, 0, 0, 'TERRA', 0, 0, '', 0, '', '', NULL, NULL, NULL),
('14.8169586697921', '40.7544377292813', '065052', 'FISCIANO', 'VIA', 'ROCCHI', 1, 'NON DISPONIBILE', NULL, NULL, NULL, NULL, NULL, NULL, '14.8169586698', '40.7544377293', 0, '', '', 0, '', 0, 0, 0, 'TERRA', 0, 0, '', 0, '', '', NULL, NULL, NULL),
('14.8170089420829', '40.7544904581632', '065052', 'FISCIANO', 'VIA', 'ROCCHI', 3, 'NON DISPONIBILE', NULL, NULL, NULL, NULL, NULL, NULL, '14.8170089421', '40.7544904582', 0, '', '', 0, '', 0, 0, 0, 'TERRA', 0, 0, '', 0, '', '', NULL, NULL, NULL),
('14.8170476130758', '40.7545138932084', '065052', 'FISCIANO', 'VIA', 'ROCCHI', 5, 'NON DISPONIBILE', NULL, NULL, NULL, NULL, NULL, NULL, '14.8170476131', '40.7545138932', 0, '', '', 0, '', 0, 0, 0, 'TERRA', 0, 0, '', 0, '', '', NULL, NULL, NULL),
('14.8171249550615', '40.7545754101628', '065052', 'FISCIANO', 'VIA', 'ROCCHI', 7, 'NON DISPONIBILE', NULL, NULL, NULL, NULL, NULL, NULL, '14.8171249551', '40.7545754102', 0, '', '', 0, '', 0, 0, 0, 'TERRA', 0, 0, '', 0, '', '', NULL, NULL, NULL),
('14.8171868286502', '40.7546134920584', '065052', 'FISCIANO', 'VIA', 'ROCCHI', 9, 'NON DISPONIBILE', NULL, NULL, NULL, NULL, NULL, NULL, '14.8171868287', '40.7546134921', 0, '', '', 0, '', 0, 0, 0, 'TERRA', 0, 0, '', 0, '', '', NULL, NULL, NULL),
('14.8171945628487', '40.7539924614935', '065052', 'FISCIANO', 'VIA', 'MAI', 1, 'NON DISPONIBILE', NULL, NULL, NULL, NULL, NULL, NULL, '14.8171945628', '40.7539924615', 0, '', '', 0, '', 0, 0, 0, 'TERRA', 0, 0, '', 0, '', '', NULL, NULL, NULL),
('14.8172177654445', '40.7539748850871', '065052', 'FISCIANO', 'VIA', 'MAI', 3, 'NON DISPONIBILE', NULL, NULL, NULL, NULL, NULL, NULL, '14.8172177654', '40.7539748851', 0, '', '', 0, '', 0, 0, 0, 'TERRA', 0, 0, '', 0, '', '', NULL, NULL, NULL),
('14.817225499643', '40.7546281389355', '065052', 'FISCIANO', 'VIA', 'ROCCHI', 11, 'NON DISPONIBILE', NULL, NULL, NULL, NULL, NULL, NULL, '14.8172254996', '40.7546281389', 0, '', '', 0, '', 0, 0, 0, 'TERRA', 0, 0, '', 0, '', '', NULL, NULL, NULL),
('14.8172293667423', '40.7550704731041', '065052', 'FISCIANO', 'VIA', 'SANT\' ANTONIO DA PAD', 17, 'NON DISPONIBILE', NULL, NULL, NULL, NULL, NULL, NULL, '14.8172293667', '40.7550704731', 0, '', '', 0, '', 0, 0, 0, 'TERRA', 0, 0, '', 0, '', '', NULL, NULL, NULL),
('14.8172680377352', '40.7546545033061', '065052', 'FISCIANO', 'VIA', 'ROCCHI', 13, 'NON DISPONIBILE', NULL, NULL, NULL, NULL, NULL, NULL, '14.8172680377', '40.7546545033', 0, '', '', 0, '', 0, 0, 0, 'TERRA', 0, 0, '', 0, '', '', NULL, NULL, NULL),
('14.8172912403309', '40.7539485204387', '065052', 'FISCIANO', 'VIA', 'MAI', 5, 'NON DISPONIBILE', NULL, NULL, NULL, NULL, NULL, NULL, '14.8172912403', '40.7539485204', 0, '', '', 0, '', 0, 0, 0, 'TERRA', 0, 0, '', 0, '', '', NULL, NULL, NULL),
('14.8173028416288', '40.7546837970391', '065052', 'FISCIANO', 'VIA', 'ROCCHI', 15, 'NON DISPONIBILE', NULL, NULL, NULL, NULL, NULL, NULL, '14.8173028416', '40.7546837970', 0, '', '', 0, '', 0, 0, 0, 'TERRA', 0, 0, '', 0, '', '', NULL, NULL, NULL),
('14.8173260442245', '40.7545900570483', '065052', 'FISCIANO', 'VIA', 'ROCCHI', 4, 'NON DISPONIBILE', NULL, NULL, NULL, NULL, NULL, NULL, '14.8173260442', '40.7545900570', 0, '', '', 0, '', 0, 0, 0, 'TERRA', 0, 0, '', 0, '', '', NULL, NULL, NULL),
('14.8173415126217', '40.7547394550961', '065052', 'FISCIANO', 'VIA', 'ROCCHI', 17, 'NON DISPONIBILE', NULL, NULL, NULL, NULL, NULL, NULL, '14.8173415126', '40.7547394551', 0, '', '', 0, '', 0, 0, 0, 'TERRA', 0, 0, '', 0, '', '', NULL, NULL, NULL),
('14.8173840507139', '40.7539250851942', '065052', 'FISCIANO', 'VIA', 'MAI', 7, 'NON DISPONIBILE', NULL, NULL, NULL, NULL, NULL, NULL, '14.8173840507', '40.7539250852', 0, '', '', 0, '', 0, 0, 0, 'TERRA', 0, 0, '', 0, '', '', NULL, NULL, NULL),
('14.8174807281961', '40.7547980424742', '065052', 'FISCIANO', 'VIA', 'ROCCHI', 19, 'NON DISPONIBILE', NULL, NULL, NULL, NULL, NULL, NULL, '14.8174807282', '40.7547980425', 0, '', '', 0, '', 0, 0, 0, 'TERRA', 0, 0, '', 0, '', '', NULL, NULL, NULL),
('14.817546468884', '40.7547863250027', '065052', 'FISCIANO', 'VIA', 'ROCCHI', 6, 'NON DISPONIBILE', NULL, NULL, NULL, NULL, NULL, NULL, '14.8175464689', '40.7547863250', 0, '', '', 0, '', 0, 0, 0, 'TERRA', 0, 0, '', 0, '', '', NULL, NULL, NULL),
('14.8175967411747', '40.7548185480443', '065052', 'FISCIANO', 'VIA', 'ROCCHI', 8, 'NON DISPONIBILE', NULL, NULL, NULL, NULL, NULL, NULL, '14.8175967412', '40.7548185480', 0, '', '', 0, '', 0, 0, 0, 'TERRA', 0, 0, '', 0, '', '', NULL, NULL, NULL),
('14.8176392792669', '40.7548507710703', '065052', 'FISCIANO', 'VIA', 'ROCCHI', 10, 'NON DISPONIBILE', NULL, NULL, NULL, NULL, NULL, NULL, '14.8176392793', '40.7548507711', 0, '', '', 0, '', 0, 0, 0, 'TERRA', 0, 0, '', 0, '', '', NULL, NULL, NULL),
('14.8176663489619', '40.7550704731041', '065052', 'FISCIANO', 'VIA', 'ROCCHI', 21, 'NON DISPONIBILE', NULL, NULL, NULL, NULL, NULL, NULL, '14.8176663490', '40.7550704731', 0, '', '', 0, '', 0, 0, 0, 'TERRA', 0, 0, '', 0, '', '', NULL, NULL, NULL),
('14.817693418657', '40.7548712766242', '065052', 'FISCIANO', 'VIA', 'ROCCHI', 12, 'NON DISPONIBILE', NULL, NULL, NULL, NULL, NULL, NULL, '14.8176934187', '40.7548712766', 0, '', '', 0, '', 0, 0, 0, 'TERRA', 0, 0, '', 0, '', '', NULL, NULL, NULL),
('14.8177050199548', '40.7550851198806', '065052', 'FISCIANO', 'VIA', 'ROCCHI', 23, 'NON DISPONIBILE', NULL, NULL, NULL, NULL, NULL, NULL, '14.8177050200', '40.7550851199', 0, '', '', 0, '', 0, 0, 0, 'TERRA', 0, 0, '', 0, '', '', NULL, NULL, NULL),
('14.8177398238484', '40.7548976408985', '065052', 'FISCIANO', 'VIA', 'ROCCHI', 14, 'NON DISPONIBILE', NULL, NULL, NULL, NULL, NULL, NULL, '14.8177398238', '40.7548976409', 0, '', '', 0, '', 0, 0, 0, 'TERRA', 0, 0, '', 0, '', '', NULL, NULL, NULL),
('14.8177398238484', '40.7551290601905', '065052', 'FISCIANO', 'VIA', 'ROCCHI', 25, 'NON DISPONIBILE', NULL, NULL, NULL, NULL, NULL, NULL, '14.8177398238', '40.7551290602', 0, '', '', 0, '', 0, 0, 0, 'TERRA', 0, 0, '', 0, '', '', NULL, NULL, NULL),
('14.8177668935434', '40.7549415813323', '065052', 'FISCIANO', 'VIA', 'ROCCHI', 16, 'NON DISPONIBILE', NULL, NULL, NULL, NULL, NULL, NULL, '14.8177668935', '40.7549415813', 0, '', '', 0, '', 0, 0, 0, 'TERRA', 0, 0, '', 0, '', '', NULL, NULL, NULL),
('14.8177939632385', '40.7549825923777', '065052', 'FISCIANO', 'VIA', 'ROCCHI', 18, 'NON DISPONIBILE', NULL, NULL, NULL, NULL, NULL, NULL, '14.8177939632', '40.7549825924', 0, '', '', 0, '', 0, 0, 0, 'TERRA', 0, 0, '', 0, '', '', NULL, NULL, NULL),
('14.8178365013306', '40.7552608809461', '065052', 'FISCIANO', 'VIA', 'ROCCHI', 27, 'NON DISPONIBILE', NULL, NULL, NULL, NULL, NULL, NULL, '14.8178365013', '40.7552608809', 0, '', '', 0, '', 0, 0, 0, 'TERRA', 0, 0, '', 0, '', '', NULL, NULL, NULL),
('14.8178481026285', '40.7553809840737', '065052', 'FISCIANO', 'VIA', 'ROCCHI', 31, 'NON DISPONIBILE', NULL, NULL, NULL, NULL, NULL, NULL, '14.8178481026', '40.7553809841', 0, '', '', 0, '', 0, 0, 0, 'TERRA', 0, 0, '', 0, '', '', NULL, NULL, NULL),
('14.8178519697278', '40.7553018917945', '065052', 'FISCIANO', 'VIA', 'ROCCHI', 29, 'NON DISPONIBILE', NULL, NULL, NULL, NULL, NULL, NULL, '14.8178519697', '40.7553018918', 0, '', '', 0, '', 0, 0, 0, 'TERRA', 0, 0, '', 0, '', '', NULL, NULL, NULL),
('14.8178674381249', '40.7550792611704', '065052', 'FISCIANO', 'VIA', 'ROCCHI', 22, 'NON DISPONIBILE', NULL, NULL, NULL, NULL, NULL, NULL, '14.8178674381', '40.7550792612', 0, '', '', 0, '', 0, 0, 0, 'TERRA', 0, 0, '', 0, '', '', NULL, NULL, NULL),
('14.8178867736214', '40.7537639676647', '065052', 'FISCIANO', 'VIA', 'MAI', 35, 'NON DISPONIBILE', NULL, NULL, NULL, NULL, NULL, NULL, '14.8178867736', '40.7537639677', 0, '', '', 0, '', 0, 0, 0, 'TERRA', 0, 0, '', 0, '', '', NULL, NULL, NULL),
('14.8178906407207', '40.7551056253621', '065052', 'FISCIANO', 'VIA', 'ROCCHI', 24, 'NON DISPONIBILE', NULL, NULL, NULL, NULL, NULL, NULL, '14.8178906407', '40.7551056254', 0, '', '', 0, '', 0, 0, 0, 'TERRA', 0, 0, '', 0, '', '', NULL, NULL, NULL),
('14.8179254446143', '40.7551495656585', '065052', 'FISCIANO', 'VIA', 'ROCCHI', 26, 'NON DISPONIBILE', NULL, NULL, NULL, NULL, NULL, NULL, '14.8179254446', '40.7551495657', 0, '', '', 0, '', 0, 0, 0, 'TERRA', 0, 0, '', 0, '', '', NULL, NULL, NULL),
('14.8179331788128', '40.755427853528', '065052', 'FISCIANO', 'VIA', 'ROCCHI', 33, 'NON DISPONIBILE', NULL, NULL, NULL, NULL, NULL, NULL, '14.8179331788', '40.7554278535', 0, '', '', 0, '', 0, 0, 0, 'TERRA', 0, 0, '', 0, '', '', NULL, NULL, NULL),
('14.8179370459121', '40.7550206740401', '065052', 'FISCIANO', 'VIA', 'ROCCHI', 20, 'NON DISPONIBILE', NULL, NULL, NULL, NULL, NULL, NULL, '14.8179370459', '40.7550206740', 0, '', '', 0, '', 0, 0, 0, 'TERRA', 0, 0, '', 0, '', '', NULL, NULL, NULL),
('14.8179370459121', '40.7551788591733', '065052', 'FISCIANO', 'VIA', 'ROCCHI', 28, 'NON DISPONIBILE', NULL, NULL, NULL, NULL, NULL, NULL, '14.8179370459', '40.7551788592', 0, '', '', 0, '', 0, 0, 0, 'TERRA', 0, 0, '', 0, '', '', NULL, NULL, NULL),
('14.8179447801107', '40.7536878028785', '065052', 'FISCIANO', 'VIA', 'MAI', 32, 'NON DISPONIBILE', NULL, NULL, NULL, NULL, NULL, NULL, '14.8179447801', '40.7536878029', 0, '', '', 0, '', 0, 0, 0, 'TERRA', 0, 0, '', 0, '', '', NULL, NULL, NULL),
('14.8179525143093', '40.7537288146973', '065052', 'FISCIANO', 'VIA', 'MAI', 37, 'NON DISPONIBILE', NULL, NULL, NULL, NULL, NULL, NULL, '14.8179525143', '40.7537288147', 0, '', '', 0, '', 0, 0, 0, 'TERRA', 0, 0, '', 0, '', '', NULL, NULL, NULL),
('14.817975716905', '40.7554717936114', '065052', 'FISCIANO', 'VIA', 'ROCCHI', 35, 'NON DISPONIBILE', NULL, NULL, NULL, NULL, NULL, NULL, '14.8179757169', '40.7554717936', 0, '', '', 0, '', 0, 0, 0, 'TERRA', 0, 0, '', 0, '', '', NULL, NULL, NULL),
('14.8179989195008', '40.7537024499595', '065052', 'FISCIANO', 'VIA', 'MAI', 39, 'NON DISPONIBILE', NULL, NULL, NULL, NULL, NULL, NULL, '14.8179989195', '40.7537024500', 0, '', '', 0, '', 0, 0, 0, 'TERRA', 0, 0, '', 0, '', '', NULL, NULL, NULL),
('14.8180298562951', '40.7555538150228', '065052', 'FISCIANO', 'VIA', 'ROCCHI', 37, 'NON DISPONIBILE', NULL, NULL, NULL, NULL, NULL, NULL, '14.8180298563', '40.7555538150', 0, '', '', 0, '', 0, 0, 0, 'TERRA', 0, 0, '', 0, '', '', NULL, NULL, NULL),
('14.8180762614865', '40.755635836333', '065052', 'FISCIANO', 'VIA', 'ROCCHI', 39, 'NON DISPONIBILE', NULL, NULL, NULL, NULL, NULL, NULL, '14.8180762615', '40.7556358363', 0, '', '', 0, '', 0, 0, 0, 'TERRA', 0, 0, '', 0, '', '', NULL, NULL, NULL),
('14.8181071982808', '40.7556797762789', '065052', 'FISCIANO', 'VIA', 'ROCCHI', 41, 'NON DISPONIBILE', NULL, NULL, NULL, NULL, NULL, NULL, '14.8181071983', '40.7556797763', 0, '', '', 0, '', 0, 0, 0, 'TERRA', 0, 0, '', 0, '', '', NULL, NULL, NULL),
('14.8181536034723', '40.755720786869', '065052', 'FISCIANO', 'VIA', 'ROCCHI', 43, 'NON DISPONIBILE', NULL, NULL, NULL, NULL, NULL, NULL, '14.8181536035', '40.7557207869', 0, '', '', 0, '', 0, 0, 0, 'TERRA', 0, 0, '', 0, '', '', NULL, NULL, NULL),
('14.8181922744652', '40.7555420976845', '065052', 'FISCIANO', 'VIA', 'ROCCHI', 40, 'NON DISPONIBILE', NULL, NULL, NULL, NULL, NULL, NULL, '14.8181922745', '40.7555420977', 0, '', '', 0, '', 0, 0, 0, 'TERRA', 0, 0, '', 0, '', '', NULL, NULL, NULL),
('14.8182000086638', '40.7555010869843', '065052', 'FISCIANO', 'VIA', 'ROCCHI', 38, 'NON DISPONIBILE', NULL, NULL, NULL, NULL, NULL, NULL, '14.8182000087', '40.7555010870', 0, '', '', 0, '', 0, 0, 0, 'TERRA', 0, 0, '', 0, '', '', NULL, NULL, NULL),
('14.8182541480538', '40.7557998786498', '065052', 'FISCIANO', 'VIA', 'ROCCHI', 45, 'NON DISPONIBILE', NULL, NULL, NULL, NULL, NULL, NULL, '14.8182541481', '40.7557998786', 0, '', '', 0, '', 0, 0, 0, 'TERRA', 0, 0, '', 0, '', '', NULL, NULL, NULL),
('14.8182580151531', '40.7552550222513', '065052', 'FISCIANO', 'VIA', 'PADRE CARMINE FIOCCH', 1, 'NON DISPONIBILE', NULL, NULL, NULL, NULL, NULL, NULL, '14.8182580152', '40.7552550223', 0, '', '', 0, '', 0, 0, 0, 'TERRA', 0, 0, '', 0, '', '', NULL, NULL, NULL),
('14.8183430913374', '40.7558174545883', '065052', 'FISCIANO', 'VIA', 'ROCCHI', 47, 'NON DISPONIBILE', NULL, NULL, NULL, NULL, NULL, NULL, '14.8183430913', '40.7558174546', 0, '', '', 0, '', 0, 0, 0, 'TERRA', 0, 0, '', 0, '', '', NULL, NULL, NULL),
('14.8183585597346', '40.7557295748493', '065052', 'FISCIANO', 'VIA', 'ROCCHI', 42, 'NON DISPONIBILE', NULL, NULL, NULL, NULL, NULL, NULL, '14.8183585597', '40.7557295748', 0, '', '', 0, '', 0, 0, 0, 'TERRA', 0, 0, '', 0, '', '', NULL, NULL, NULL),
('14.8184088320253', '40.7557412921545', '065052', 'FISCIANO', 'VIA', 'ROCCHI', 44, 'NON DISPONIBILE', NULL, NULL, NULL, NULL, NULL, NULL, '14.8184088320', '40.7557412922', 0, '', '', 0, '', 0, 0, 0, 'TERRA', 0, 0, '', 0, '', '', NULL, NULL, NULL),
('14.8184165662239', '40.7558350305221', '065052', 'FISCIANO', 'VIA', 'ROCCHI', 49, 'NON DISPONIBILE', NULL, NULL, NULL, NULL, NULL, NULL, '14.8184165662', '40.7558350305', 0, '', '', 0, '', 0, 0, 0, 'TERRA', 0, 0, '', 0, '', '', NULL, NULL, NULL),
('14.8184861740111', '40.7557823027066', '065052', 'FISCIANO', 'VIA', 'ROCCHI', 46, 'NON DISPONIBILE', NULL, NULL, NULL, NULL, NULL, NULL, '14.8184861740', '40.7557823027', 0, '', '', 0, '', 0, 0, 0, 'TERRA', 0, 0, '', 0, '', '', NULL, NULL, NULL),
('14.8185287121033', '40.7557852320308', '065052', 'FISCIANO', 'VIA', 'ROCCHI', 48, 'NON DISPONIBILE', NULL, NULL, NULL, NULL, NULL, NULL, '14.8185287121', '40.7557852320', 0, '', '', 0, '', 0, 0, 0, 'TERRA', 0, 0, '', 0, '', '', NULL, NULL, NULL),
('14.8185635159969', '40.7557998786498', '065052', 'FISCIANO', 'VIA', 'ROCCHI', 50, 'NON DISPONIBILE', NULL, NULL, NULL, NULL, NULL, NULL, '14.8185635160', '40.7557998786', 0, '', '', 0, '', 0, 0, 0, 'TERRA', 0, 0, '', 0, '', '', NULL, NULL, NULL),
('14.8185983198905', '40.7550734024596', '065052', 'FISCIANO', 'VIA', 'PADRE CARMINE FIOCCH', 2, 'NON DISPONIBILE', NULL, NULL, NULL, NULL, NULL, NULL, '14.8185983199', '40.7550734025', 0, '', '', 0, '', 0, 0, 0, 'TERRA', 0, 0, '', 0, '', '', NULL, NULL, NULL),
('14.8186253895855', '40.7558145252655', '065052', 'FISCIANO', 'VIA', 'ROCCHI', 52, 'NON DISPONIBILE', NULL, NULL, NULL, NULL, NULL, NULL, '14.8186253896', '40.7558145253', 0, '', '', 0, '', 0, 0, 0, 'TERRA', 0, 0, '', 0, '', '', NULL, NULL, NULL),
('14.8187839406563', '40.7558613944142', '065052', 'FISCIANO', 'VIA', 'ROCCHI', 54, 'NON DISPONIBILE', NULL, NULL, NULL, NULL, NULL, NULL, '14.8187839407', '40.7558613944', 0, '', '', 0, '', 0, 0, 0, 'TERRA', 0, 0, '', 0, '', '', NULL, NULL, NULL),
('14.8189192891315', '40.7549503694155', '065052', 'FISCIANO', 'VIA', 'PADRE CARMINE FIOCCH', 4, 'NON DISPONIBILE', NULL, NULL, NULL, NULL, NULL, NULL, '14.8189192891', '40.7549503694', 0, '', '', 0, '', 0, 0, 0, 'TERRA', 0, 0, '', 0, '', '', NULL, NULL, NULL),
('14.8192093215781', '40.756045941366', '065052', 'FISCIANO', 'VIA', 'ROCCHI', 51, 'NON DISPONIBILE', NULL, NULL, NULL, NULL, NULL, NULL, '14.8192093216', '40.7560459414', 0, '', '', 0, '', 0, 0, 0, 'TERRA', 0, 0, '', 0, '', '', NULL, NULL, NULL),
('14.8192170557767', '40.7546222801849', '065052', 'FISCIANO', 'VIA', 'PADRE CARMINE FIOCCH', 6, 'NON DISPONIBILE', NULL, NULL, NULL, NULL, NULL, NULL, '14.8192170558', '40.7546222802', 0, '', '', 0, '', 0, 0, 0, 'TERRA', 0, 0, '', 0, '', '', NULL, NULL, NULL),
('14.8192595938688', '40.7545373282453', '065052', 'FISCIANO', 'VIA', 'PADRE CARMINE FIOCCH', 8, 'NON DISPONIBILE', NULL, NULL, NULL, NULL, NULL, NULL, '14.8192595939', '40.7545373282', 0, '', '', 0, '', 0, 0, 0, 'TERRA', 0, 0, '', 0, '', '', NULL, NULL, NULL),
('14.8193988094432', '40.7560664465512', '065052', 'FISCIANO', 'VIA', 'ROCCHI', 53, 'NON DISPONIBILE', NULL, NULL, NULL, NULL, NULL, NULL, '14.8193988094', '40.7560664466', 0, '', '', 0, '', 0, 0, 0, 'TERRA', 0, 0, '', 0, '', '', NULL, NULL, NULL),
('14.819503221124', '40.7546925851564', '065052', 'FISCIANO', 'VIA', 'PADRE CARMINE FIOCCH', 5, 'NON DISPONIBILE', NULL, NULL, NULL, NULL, NULL, NULL, '14.8195032211', '40.7546925852', 0, '', '', 0, '', 0, 0, 0, 'TERRA', 0, 0, '', 0, '', '', NULL, NULL, NULL),
('14.8195264237198', '40.7547658194226', '065052', 'FISCIANO', 'VIA', 'PADRE CARMINE FIOCCH', 3, 'NON DISPONIBILE', NULL, NULL, NULL, NULL, NULL, NULL, '14.8195264237', '40.7547658194', 0, '', '', 0, '', 0, 0, 0, 'TERRA', 0, 0, '', 0, '', '', NULL, NULL, NULL),
('14.819677240592', '40.7562334171099', '065052', 'FISCIANO', 'VIA', 'ROCCHI', 57, 'NON DISPONIBILE', NULL, NULL, NULL, NULL, NULL, NULL, '14.8196772406', '40.7562334171', 0, '', '', 0, '', 0, 0, 0, 'TERRA', 0, 0, '', 0, '', '', NULL, NULL, NULL),
('14.8197159115849', '40.7562451343263', '065052', 'FISCIANO', 'VIA', 'ROCCHI', 59, 'NON DISPONIBILE', NULL, NULL, NULL, NULL, NULL, NULL, '14.8197159116', '40.7562451343', 0, '', '', 0, '', 0, 0, 0, 'TERRA', 0, 0, '', 0, '', '', NULL, NULL, NULL),
('14.8197236457835', '40.7560752344858', '065052', 'FISCIANO', 'VIA', 'ROCCHI', 55, 'NON DISPONIBILE', NULL, NULL, NULL, NULL, NULL, NULL, '14.8197236458', '40.7560752345', 0, '', '', 0, '', 0, 0, 0, 'TERRA', 0, 0, '', 0, '', '', NULL, NULL, NULL),
('14.8197507154785', '40.7562422050224', '065052', 'FISCIANO', 'VIA', 'ROCCHI', 61, 'NON DISPONIBILE', NULL, NULL, NULL, NULL, NULL, NULL, '14.8197507155', '40.7562422050', 0, '', '', 0, '', 0, 0, 0, 'TERRA', 0, 0, '', 0, '', '', NULL, NULL, NULL),
('14.8197971206699', '40.7562392757184', '065052', 'FISCIANO', 'VIA', 'ROCCHI', 63, 'NON DISPONIBILE', NULL, NULL, NULL, NULL, NULL, NULL, '14.8197971207', '40.7562392757', 0, '', '', 0, '', 0, 0, 0, 'TERRA', 0, 0, '', 0, '', '', NULL, NULL, NULL),
('14.8198009877692', '40.7561982654482', '065052', 'FISCIANO', 'VIA', 'ROCCHI', 65, 'NON DISPONIBILE', NULL, NULL, NULL, NULL, NULL, NULL, '14.8198009878', '40.7561982654', 0, '', '', 0, '', 0, 0, 0, 'TERRA', 0, 0, '', 0, '', '', NULL, NULL, NULL),
('14.8198087219678', '40.7561455379208', '065052', 'FISCIANO', 'VIA', 'ROCCHI', 67, 'NON DISPONIBILE', NULL, NULL, NULL, NULL, NULL, NULL, '14.8198087220', '40.7561455379', 0, '', '', 0, '', 0, 0, 0, 'TERRA', 0, 0, '', 0, '', '', NULL, NULL, NULL),
('14.8198164561664', '40.7561074569027', '065052', 'FISCIANO', 'VIA', 'ROCCHI', 69, 'NON DISPONIBILE', NULL, NULL, NULL, NULL, NULL, NULL, '14.8198164562', '40.7561074569', 0, '', '', 0, '', 0, 0, 0, 'TERRA', 0, 0, '', 0, '', '', NULL, NULL, NULL),
('14.8198744626557', '40.7560078602909', '065052', 'FISCIANO', 'VIA', 'ROCCHI', 56, 'NON DISPONIBILE', NULL, NULL, NULL, NULL, NULL, NULL, '14.8198744627', '40.7560078603', 0, '', '', 0, '', 0, 0, 0, 'TERRA', 0, 0, '', 0, '', '', NULL, NULL, NULL),
('14.8199479375422', '40.7561865482235', '065052', 'FISCIANO', 'VIA', 'ROCCHI', 71, 'NON DISPONIBILE', NULL, NULL, NULL, NULL, NULL, NULL, '14.8199479375', '40.7561865482', 0, '', '', 0, '', 0, 0, 0, 'TERRA', 0, 0, '', 0, '', '', NULL, NULL, NULL),
('14.820199298996', '40.7561426086124', '065052', 'FISCIANO', 'VIA', 'ROCCHI', 73, 'NON DISPONIBILE', NULL, NULL, NULL, NULL, NULL, NULL, '14.8201992990', '40.7561426086', 0, '', '', 0, '', 0, 0, 0, 'TERRA', 0, 0, '', 0, '', '', NULL, NULL, NULL),
('14.7896603', '40.7741512', '65052', 'FISCIANO', 'VIA', 'Uni', 25, 'NON DISPONIBILE', 'http://tcnapp.altervista.org/uploads/1525876395369', 'http://tcnapp.altervista.org/uploads/1525876406446', '09/05/2018', 'NON VALIDATO', 'BVLVCN91C27A717P', 'DPNNTN92C05I805H', 'null', 'null', 0, '', '', 0, '', 0, 0, 0, 'TERRA', 0, 0, '', 0, '', '', NULL, NULL, NULL),
('14.7906633', '40.7743917', '65052', 'FISCIANO', 'VIA', 'Delle stelle', 45, 'NON DISPONIBILE', 'http://tcnapp.altervista.org/uploads/1525957293333', 'http://tcnapp.altervista.org/uploads/1525957278307', '10/05/2018', 'VALIDATO', 'BVLVCN91C27A717P', 'DPNNTN92C05I805H', 'null', 'null', 0, '', '', 0, '', 0, 0, 0, 'TERRA', 0, 0, '', 0, '', '', NULL, NULL, NULL),
('14.799842273049', '40.770265251626', '65052', 'FISCIANO', 'VIA', 'della  Rimembranza', 52, 'NON DISPONIBILE', 'http://tcnapp.altervista.org/uploads/1526136732817', 'http://tcnapp.altervista.org/uploads/1526136763265', '12/05/2018', 'VALIDATO', 'BVLVCN91C27A717P', 'DPNNTN92C05I805H', NULL, NULL, 0, '', '', 0, '', 0, 0, 0, 'TERRA', 0, 0, '', 0, '', '', NULL, NULL, NULL),
('14.7898119', '40.7744499', '65052', 'FISCIANO', 'VIA', 'Giovanni paolo II', 132, 'NON DISPONIBILE', 'http://tcnapp.altervista.org/uploads/1527757471729', 'http://tcnapp.altervista.org/uploads/1527757488550', '31/05/2018', 'VALIDATO', 'BVLVCN91C27A717P', 'DPNNTN92C05I805H', NULL, NULL, 0, '', '', 0, '', 0, 0, 0, 'TERRA', 0, 0, '', 0, '', '', NULL, NULL, NULL);


CREATE TABLE `super_user` (
  `EMAIL` varchar(25) NOT NULL,
  `FULLNAME` varchar(25) NOT NULL,
  `PHONE` varchar(13) NOT NULL,
  `PASSWORD` varchar(50) NOT NULL,
  `CF` varchar(20) NOT NULL
) ENGINE=MyISAM DEFAULT CHARSET=latin1;


INSERT INTO `super_user` (`EMAIL`, `FULLNAME`, `PHONE`, `PASSWORD`, `CF`) VALUES
('depianoantonio@gmail.com', 'Antonio De Piano', '3463316586', '4a181673429f0b6abbfd452f0f3b5950', 'DPNNTN92C05I805H'),
('fabiodecicco@gmail.com', 'Fabio De Cicco', '55555', 'a53bd0415947807bcb95ceec535820ee', 'fbfkb466');


CREATE TABLE `user` (
  `EMAIL` varchar(25) NOT NULL,
  `FULLNAME` varchar(25) NOT NULL,
  `PHONE` varchar(13) NOT NULL,
  `PASSWORD` varchar(50) NOT NULL,
  `CF` varchar(20) NOT NULL,
  `TYPE` varchar(20) NOT NULL,
  `INDIRIZZO` varchar(30) NOT NULL,
  `NOME` varchar(35) NOT NULL,
  `COGNOME` varchar(35) NOT NULL
) ENGINE=MyISAM DEFAULT CHARSET=latin1;


INSERT INTO `user` (`EMAIL`, `FULLNAME`, `PHONE`, `PASSWORD`, `CF`, `TYPE`, `INDIRIZZO`, `NOME`, `COGNOME`) VALUES
('V.BEVILACQUA91@GMAIL.COM', ' ', '3458489186', '0a6486a8a0b85697eba71588fbc44522', 'BVLVCN91C27A717P', 'SIMPLE OPERATOR', 'VIA VIVIANO N.4', 'VINCENZO', 'BEVILACQUA'),
('F.decicco@gmail.com', '', '3457689165', 'a53bd0415947807bcb95ceec535820ee', 'DCCFBA92E01A509H', 'SIMPLE OPERATOR', 'VIA PONTE N.75', 'FABIO', 'DE CICCO'),
('U.PICARIELLO@GMAIL.COM', '', '3467389154', '', 'PCRMRT94D09A509J', '', 'VIA PIZZA N.91', 'UMBERTO', ' PICARIELLO'),
('E.ARVONIO@GMAIL.COM', '', '3389242333', '', 'RVNMLE90S07F924A', '', 'VIA BOSCOFANGOSO N.77', 'EMILIO', ' ARVONIO'),
('C.ALIBERTI@gmail.com', '', '3335467234', '', 'LBRCRL88E01H703X', '', 'VIA SAN ROCCO N.88', 'CARLO', 'ALIBERTI'),
('R.VENERUSO@gmail.com', '', '3360232654', '', 'VNRRNT93E18I438X', '', 'PIAZZA AMENDOLA N.105', 'RENATO', 'VENERUSO'),
('A.ROMANO@gmail.com', '', '3350021345', '', 'RMNNCL77E26F912V', '', 'VIA GELSI N.157', 'ANNACLAUDIA', 'ROMANO'),
('M.PETTI@gmail.com', '', '3471123987', '', 'PTTMRA69H18A717H', '', 'VIA DELL\'UGUAGLIANZA N.18', 'MARIA', 'PETTI'),
('F.GIARDINO@GMAIL.COM', '', '3461209332', '', 'GRDFRC74C31H703F', '', 'VIA SAN GIOVANNI BATTISTA N.64', 'FEDERICA', 'GIARDINO'),
('M.CAIAZZO@gmail.com', '', '3923495776', '', ' CZZMNN66B50F839R', '', 'VIA MAZZINI N.69', 'MARIANNA', 'CAIAZZO'),
('L.MASULLO@gmail.com', '', '3487789321', '', 'MSLLVC85A41I483U', '', 'VIA SANTA CHIARA N.56', 'LUDOVICA', 'MASULLO'),
('Depiano@gmail.com', 'Antonio De Piano', '3467634123', '', 'DPNNTN92C05I805H', '', 'VIA ROSSI N.78', 'ANTONIO', 'DE PIANO');

ALTER TABLE `agenzia`
  ADD PRIMARY KEY (`P_IVA`);

ALTER TABLE `rilievo`
  ADD PRIMARY KEY (`LONGITUDINE`,`LATITUDINE`) USING BTREE,
  ADD KEY `CF_SUPERUSER` (`CF_SUPERUSER`),
  ADD KEY `CF_USER` (`CF_USER`);

ALTER TABLE `super_user`
  ADD PRIMARY KEY (`CF`);

ALTER TABLE `user`
  ADD PRIMARY KEY (`CF`);
COMMIT;
